PROVINCIA,P1,P2,P3,P4,P5,P6,P7,P8,P9,P10,P11,P12,P13,P14,P15,P16,P17,P18,P19,P20,P21,P22,P23,P24,P25,P26,P27,P28,P29,P30,P31,P32,P33,P34,P35,P36,P37,P38,P39,P40,P41,P42,P43,P44,P45,P46,P47,P48,P49,P50,P51,P52,P53,P54,P55,P56,P57,P58,P59,P60,P61,P62,P64,P65,P66,P128,P129,P130,P131,P132,P135,P136,P137,P138,P139,P140,ST1,ST2,ST3,ST4,ST5,ST6,ST7,ST8,ST9,ST10,ST11,ST12,ST13,ST14,ST15,A2,A3,A5,A44,A46,A47,A48,PF1,PF2,PF3,PF4,PF5,PF6,PF7,PF8,PF9,E1,E2,E3,E4,E5,E6,E7,E8,E9,E10,E11,E12,E13,E14,E15,E16,E17,E18,E19,E20,E21,E22,E23,E24,E25,E26,E27
Alessandria,427229,204983,222246,158222,198253,11481,44582,14691,85839,99789,5407,7919,6029,16224,16143,16303,16554,17421,19376,23473,30266,34108,34977,30937,28472,29828,25941,27640,59566,8321,8278,8421,8477,8831,9623,11677,15188,17101,17479,15465,14168,14533,12385,12731,22305,407737,38778,124235,126653,90887,24336,2848,194981,17365,61540,67370,37125,10582,999,188067,172289,11889,105286,97853,5682,190492,74677,33739,20725,9822,16662,8865,111952,89195,119366,55218,37050,17107,16891,17189,2970,8141,7797,1169,23003,8106,3475,2455,11,0,37050,194525,65639,402,20656679,41600,139647,16585,197892,423529,72648,60108,38228,20808,4527,1573,10114,151081,145244,128585,16659,92101,18660,17824,46598,23722,15492,14906,12693,6067,4170,2614,2323,11412,82121,27855,7197,84634,23155,10813,5564,2523,1896,280402
Asti,217573,105370,112203,82119,102538,5404,20767,6745,44773,51595,2511,3758,2733,9268,9412,9252,9010,9511,10519,12584,15797,17185,17193,15365,14299,15183,12050,12559,28386,4871,4803,4770,4761,4801,5163,6270,7961,8638,8585,7641,7102,7461,5824,5763,10956,206425,17382,58604,66078,48502,14236,1623,99529,7868,29670,34269,20869,6302,551,97829,90585,5312,54695,51452,2392,91812,36231,15699,10664,5200,8005,4330,57825,48753,57444,26327,22554,10803,10484,10247,1823,5158,4873,772,17053,4057,861,572,9,2,22552,94279,30286,223,10221694,20198,66931,8706,95842,215323,32336,28854,18659,12201,2774,1018,6628,79480,76861,69422,7439,49193,13920,6309,26825,14329,6642,6922,6387,3170,2461,1345,1341,5063,49604,11716,3039,48074,12510,4775,2083,1194,786,134452
Biella,182192,86821,95371,69188,82431,5266,18474,6833,37017,41362,2428,3278,2736,6768,7228,7461,7537,7503,7985,9923,12827,14480,14710,12824,12477,12995,11042,11893,24539,3423,3753,3830,3776,3897,4056,4899,6417,7230,7436,6336,6106,6290,5256,5441,8675,173993,14634,46790,56569,44302,10545,1153,82655,6555,22908,30208,17961,4626,397,81716,75320,4922,44347,41242,2374,79019,31468,8693,9121,4298,6377,3556,34852,53037,54828,23288,9579,4121,3973,4579,1027,1883,1861,377,4167,3488,604,1317,3,0,9579,81508,23216,117,8663160,14937,60085,7358,82412,180524,28385,26044,15649,9534,2107,693,4433,64895,61627,54737,6890,38894,7924,7919,20252,8813,7718,6678,4800,2669,1921,1116,770,3824,25523,19595,5795,35030,11310,4776,2066,974,581,112204
Cuneo,586378,287786,298592,231452,276983,12473,49417,16053,127243,139292,5908,8538,6805,27344,26508,27519,27063,28402,30992,35467,43329,46337,46398,40567,37227,37728,31236,32937,67324,14044,13688,14133,13830,14407,15675,17968,21920,23457,23298,20544,18695,18831,15341,15790,26165,553595,47600,155468,178413,134483,34697,2934,270907,21135,77349,95859,58833,16610,1121,275435,260459,11247,155170,148571,5114,229572,90751,38228,30166,14122,17101,9142,164475,142342,144077,66758,53810,26117,25168,24500,4142,12557,11847,1713,32550,14884,1987,4372,17,0,53810,248156,126448,459,25067691,54831,174455,22598,251924,580682,84092,72224,46901,36429,9206,3072,19693,211098,200054,180051,20003,101466,54969,23616,54011,24919,17021,22133,24701,13677,10950,6716,5923,12678,113200,43780,10393,106446,41341,18356,8181,3449,2278,402507
Novara,365559,176361,189198,143302,170741,9351,31811,10354,76929,85825,4281,5136,4190,16766,16338,15930,15616,16480,18773,23345,28753,30234,30404,26449,23646,23521,18727,20125,40452,8523,8360,8247,7987,8349,9405,11819,14593,15350,15130,13040,11722,11388,8833,8981,14634,345429,34491,101370,110069,75578,21720,2201,166153,15527,49893,59051,30903,10018,761,171718,156802,11146,95323,88416,5221,144807,55908,24183,18734,8845,12779,6937,92185,97608,89111,39522,31946,15119,14022,15185,2739,6959,7204,956,14611,10619,2731,3967,13,5,31941,156142,28450,285,16141577,31185,112557,14813,158596,363139,51183,46906,32562,21487,4903,1555,9995,96509,91760,80022,11738,47422,20187,12413,14992,11381,10717,12120,11106,6653,5811,4005,3237,8837,40028,25384,5773,39561,22413,10224,4404,2272,1148,199727
Torino,2247780,1081298,1166482,881971,1041312,63811,186549,74137,468707,521188,28165,34775,28463,100252,98677,96238,93593,99277,111785,135460,172965,184720,178445,158025,146180,151532,131027,136202,253402,51756,50755,49592,48420,50681,55611,66815,85943,91435,87611,77002,70683,72459,62213,63133,97189,2127595,243747,651653,673014,405284,139538,14359,1019223,113117,325844,346828,166778,61802,4854,1016127,925545,67190,549725,506987,31754,936486,379470,163000,120360,58193,93561,51325,624482,510308,559565,265094,183178,84255,79828,91941,11409,38971,41022,4262,112849,38375,17594,14290,49,21,183157,997325,187761,2465,91730555,235633,699942,76364,1014190,2232993,349849,311821,192564,127914,25007,7035,45119,400927,384198,323823,60375,156922,129691,37210,82333,44131,42011,51415,42452,22685,17206,11825,9765,29159,165010,85757,43897,156553,73700,39001,22344,15005,17220,1293882
Verbano-Cusio-Ossola,160264,77219,83045,62913,71909,4552,15428,5462,34182,36004,2128,2583,2322,6221,6572,6693,6665,6700,7311,8821,11851,13400,13695,11621,10840,11220,9340,10150,19164,3219,3417,3458,3420,3432,3722,4461,5873,6718,6924,5795,5324,5471,4437,4707,6841,152734,12681,44007,49271,37148,8873,754,73345,5531,21858,26222,15360,4107,267,72135,67067,3965,40161,37722,1928,68643,26964,13298,7740,3659,6410,3557,37170,40741,41195,19473,8459,3461,3161,4148,1150,1472,1626,363,4797,1963,785,911,3,0,8459,71729,39236,70,6758415,14921,50853,7075,72868,159382,25905,21472,14180,9149,1720,442,2797,71410,67162,58566,8596,40883,7055,10628,17626,8525,7791,8299,6960,3738,2849,1501,1277,6474,28514,18846,4732,35630,12621,6367,2518,960,470,119348
Vercelli,176941,85150,91791,67575,80931,4680,17855,5900,36818,40694,2166,3045,2427,6936,6964,7081,7198,7748,8621,10061,12449,13747,14501,12962,11977,12299,9726,10962,23709,3604,3584,3638,3770,3962,4343,5101,6285,6955,7300,6350,5988,6039,4595,4927,8709,168605,14102,48793,53080,41043,10390,1197,80832,6215,24212,28311,17043,4637,414,79521,72973,4938,43723,40673,2308,76439,30601,10552,8750,4266,6646,3814,44403,40772,50491,22185,12772,5921,5776,5983,1013,2833,2728,360,6388,4347,875,1155,6,1,12771,78425,25990,194,8311152,17504,54701,7354,79636,175097,27503,24280,15916,9328,1960,649,4174,59809,56184,49484,6700,33563,9162,6759,16866,9192,6428,6171,4387,2388,1941,1136,975,4680,28342,12217,4245,28883,11394,5052,2373,1163,619,111800
Valle d'Aosta/Vallée d'Aoste,126806,61861,64945,54474,52935,3708,10742,4947,29523,26648,1720,1957,2013,6118,5879,5730,5430,5732,6471,7617,9729,10766,10746,9077,8188,8265,6839,6897,13322,3137,3021,2962,2799,2931,3224,3889,4823,5350,5461,4554,4116,4122,3407,3168,4897,119439,12537,34214,39721,25056,7382,529,58056,5432,16982,21054,10929,3472,187,60631,57407,2691,33137,31657,1247,48448,19604,7977,6821,3232,4466,2274,34178,32626,29184,13949,8419,3686,3671,4002,746,1729,1684,273,4372,2973,656,415,3,0,8419,58551,58742,67,4970291,13366,38940,7046,59370,125986,23509,16758,9888,7276,1552,387,2433,58978,51352,43220,8132,23561,9277,10382,8436,3800,5027,6165,7163,5178,3824,2036,1591,3135,15452,17385,7248,17330,11678,8641,3530,1265,776,127423
Bergamo,1086277,536201,550076,456200,508965,21242,75980,23890,246016,257215,9846,13353,9771,57840,56633,54878,52049,54423,60145,72077,88015,91605,91415,75723,66463,66028,53763,52704,92516,29547,29097,28274,26874,27720,29985,36362,45459,47308,46865,38429,33321,32690,26071,24472,33727,1016965,87940,283085,346207,226639,68226,4868,500693,40462,141484,188788,94316,33633,2010,505826,472764,24650,297338,282054,11591,411100,151945,101141,58752,27912,29977,16095,235826,362082,221230,106252,112225,57481,54468,51425,6332,27253,27582,2646,41126,41556,10705,18804,25,9,112216,437474,128896,589,43203604,67106,342890,33701,443924,1079581,130986,122074,92159,74724,17880,6101,39674,208265,201637,181117,20520,71207,79099,30811,26543,12469,21196,32942,33133,20989,15828,9674,8343,12860,84319,65226,18712,59309,52151,38023,19949,7898,3787,598929
Brescia,1238044,607910,630134,510780,580195,25354,90870,30845,276445,292901,11625,14549,12390,65783,63008,60756,58257,60119,68671,83070,101606,104662,101339,84650,74222,75019,62330,62193,112359,33900,32359,31419,30335,30722,34297,41629,52128,54077,51705,42499,36996,36967,30105,28884,39888,1159227,100850,321475,390186,262583,78620,5513,567341,44769,163037,208877,110169,38251,2238,571079,531792,29671,335626,316783,14648,477418,174606,124601,66788,32374,38350,19631,328856,334399,247679,120922,155315,78366,75454,70915,8946,38082,36702,3582,65476,45374,4773,39660,30,2,155313,503659,133409,555,50481446,100998,365790,46377,513579,1231069,157773,142532,104625,80556,20353,7740,50368,267275,258139,230812,27327,107990,70790,52032,41111,18421,25391,40929,41758,24929,19468,10705,8100,22078,123613,67330,17791,86556,66403,44437,22012,7965,3439,683258
Como,586735,286101,300634,240306,275282,12391,43753,15003,128433,138358,5791,7358,6161,28300,27733,27359,26532,27251,30829,37528,47777,49835,48780,40646,36629,37802,30604,31133,57997,14580,14312,14141,13790,13922,15294,18952,24349,25281,24609,20147,17801,18419,14771,14426,21307,552737,56357,168889,170310,120586,33864,2731,268599,25848,82421,91446,51505,16339,1040,277136,259288,13561,156639,148335,6298,226207,86429,43764,32272,15535,18029,9778,115155,206896,132142,60136,42383,19934,18553,20734,3096,8959,9834,1141,19384,11987,4333,6652,26,1,42382,242289,66008,243,24240051,39248,184890,21280,245455,583040,74175,70250,50828,38561,9090,2551,16187,141890,135890,121060,14830,63646,31975,25439,22550,12503,16008,21597,19114,11520,9017,4764,3987,10703,60928,39244,10185,53014,32772,19768,9918,4051,1537,327963
Cremona,357623,174506,183117,142230,167883,7251,31680,8579,78034,84489,3356,5030,3597,16326,15693,15789,15517,16575,18825,22568,27445,29005,28967,25294,22865,23876,18905,20196,39777,8514,8197,8039,7994,8506,9465,11419,14176,14976,14738,12745,11302,11990,9123,9348,13974,338032,32253,103504,100815,78811,20745,1904,164270,14456,51793,55259,32148,9812,802,163193,152347,7953,94137,89172,3639,146622,55619,30170,18913,9084,11153,5582,87523,98965,86386,40399,36618,18159,18026,16406,2186,9016,8280,863,15748,10222,1867,8773,6,2,36616,147873,21888,246,15768444,28297,110530,10877,149836,353928,45059,44307,32112,20983,5345,2030,13262,84845,81714,70338,11376,47744,10904,11690,14403,8142,7409,10652,10465,6913,5282,3743,3329,6671,47943,12596,3128,34635,17619,9634,5491,2095,864,181424
Lecco,336310,164901,171409,138804,159074,6640,24907,6885,74504,80168,3149,4161,2919,16602,16149,16036,15676,16187,17465,20832,26134,27751,27632,23502,21458,21946,17924,18068,32948,8517,8094,8258,8109,8295,8798,10573,13416,14223,14132,11750,10745,10743,8706,8528,12014,316514,31775,95962,99458,68499,19305,1515,154789,14547,48626,53705,27989,9323,599,155507,146377,6731,89515,85497,2998,132016,50517,26067,19329,9343,8756,4544,67787,116138,77864,36186,25300,12611,11925,11755,1620,5932,6045,634,10491,10294,2473,2033,9,0,25300,137768,48051,102,13526967,20952,108022,10024,139045,334036,41466,39625,28254,22445,5495,1760,11303,73576,70613,63038,7575,27345,26230,9463,13264,5274,7948,10749,9991,5675,4509,2840,2788,4418,29737,21906,6977,24524,16426,12251,6017,2563,1257,195508
Lodi,223755,109771,113984,90994,105209,4779,17587,5186,49628,52870,2225,2874,2174,11231,10639,10232,9985,10703,12113,15218,18800,19485,18543,15579,13886,13950,11358,11549,20484,5788,5423,5318,5146,5367,6037,7691,9589,10012,9551,7861,6884,6995,5504,5233,7372,210390,19000,67046,64943,44624,13806,971,102873,8503,33153,35868,18532,6454,363,106649,99308,5402,60910,57452,2565,85004,32332,18466,11930,5644,6644,3551,45978,77254,47964,22790,22558,11141,11003,10312,1243,5413,5206,522,10615,7039,2537,2361,5,1,22557,92100,10445,103,9044647,15854,71531,5445,92845,222730,26527,27274,20545,14050,3319,1130,7225,41840,40342,35813,4529,17450,12384,5979,4048,2732,4156,5878,6586,4559,4108,1967,1779,3315,23923,6434,2141,16288,8514,5181,3404,1690,736,108604
Mantova,408336,198711,209625,161084,193167,8232,35183,10670,87590,97446,3813,5556,4306,19855,18499,18022,17161,18066,21198,27136,33202,33766,32561,28185,25215,26073,21200,21918,46279,10236,9522,9461,8992,9195,10652,13683,17041,17372,16593,14096,12291,12686,10087,9974,16830,384610,34284,111123,119263,90239,27157,2544,186457,15037,55513,65675,37126,12131,975,191698,179927,8671,110134,104813,3968,160262,59358,33029,19956,9664,12789,6772,111392,100702,94488,42296,49426,24777,23641,22675,3110,12033,11577,1167,16943,12410,1777,18284,11,1,49425,163537,24512,189,19442115,33078,119312,14150,166602,405602,47150,48715,36413,24578,6715,3031,19896,108624,105206,94231,10975,71013,13033,10185,15989,9685,11658,15888,15363,9862,7672,4765,3349,9478,64962,16778,3013,52194,24097,10692,4803,1757,688,201448
Milano,3038420,1455050,1583370,1257677,1375762,75408,237847,91726,657330,690569,32368,41655,33128,144060,141494,133445,127984,132605,151510,188719,246062,262054,253830,209879,186724,192409,172086,177330,318229,74144,72947,68926,66462,68103,75533,93725,121966,130116,124975,101568,89158,90134,79720,79750,117823,2865429,447258,939283,806686,478101,178775,15326,1365986,210396,459199,415421,192479,82647,5844,1449292,1347083,78348,782866,732392,38662,1170129,456167,201696,168264,82344,106985,56820,914838,741770,693184,310507,324378,152446,133782,167914,22682,66601,77054,8791,95583,61505,71252,95837,171,30,324348,1351354,89297,3070,118726031,306373,979552,87473,1373836,3022432,492084,403151,253083,177307,37575,10636,67694,286375,279574,221891,57683,76021,118625,27245,15042,20852,42447,45623,38289,26375,16034,8912,8317,20855,99413,47374,54249,72453,46779,31308,25179,19067,27105,1524931
Monza e della Brianza,840129,409618,430511,343808,400253,18057,59110,18901,182779,200999,8048,10303,7489,42027,41014,39404,37432,38225,43040,54177,69456,73301,71274,58400,52456,52276,44148,45693,77806,21607,21079,20430,19306,19403,21679,27148,35039,36986,35979,28950,25422,25110,20908,21229,29343,789704,89493,259006,233256,154384,49627,3938,383646,41608,129333,124825,63088,23219,1573,400770,373607,20483,223925,211384,9415,316914,122577,62460,47620,23046,23611,12954,171585,295355,183223,85000,59093,27853,25874,29766,3453,12658,13965,1230,25835,12964,10397,9868,27,2,59091,345491,36439,640,32696684,48740,279284,21565,349694,837160,98987,104289,75328,56307,11570,3213,20533,123881,120839,100733,20106,34497,54288,11948,7154,7476,18743,20967,16103,10938,8372,5618,5362,9116,56482,23576,11559,36841,25842,16910,10172,6320,4648,400915
Pavia,535822,258625,277197,208864,246303,13536,51117,16002,113266,123783,6320,8584,6672,23172,22522,21887,21312,23283,26675,33656,42804,44758,44697,38185,34381,35110,28504,30949,63927,11868,11715,11209,11039,11799,13172,16885,21571,22923,22655,18995,17086,17179,13594,14157,22778,508072,56670,153070,153814,110785,31044,2689,244407,25355,75101,83351,45628,14034,938,248015,229527,13711,138637,129855,6625,220226,85196,37817,27630,13330,19850,10926,120414,153583,134929,59926,46222,21783,21514,21787,2921,10440,10298,1045,26259,10792,5290,3862,18,1,46221,233988,43401,547,23889015,45856,172664,19745,238326,531751,80445,70856,49806,28829,6325,2065,13235,162394,155888,137239,18649,82677,34670,19892,22758,21165,23115,22890,16721,9568,8793,6356,5873,14836,95341,21148,5914,82115,29433,13413,7358,3531,1389,302215
Sondrio,180814,88357,92457,75636,82299,3421,15209,4249,41358,41197,1602,2370,1830,7966,8342,8701,8795,8916,9734,10934,13342,14704,15156,13390,11851,11634,9439,9500,18410,4154,4277,4424,4549,4527,5013,5589,6759,7427,7630,6636,5893,5853,4604,4455,6567,171154,14000,56222,51926,39069,9427,510,83330,5985,27877,28212,16441,4590,225,82384,78147,3455,47724,45830,1576,73421,27778,15326,9838,4679,5864,3112,45711,44765,42393,19789,7682,3397,3502,3549,631,1667,1534,196,3943,2269,648,810,10,2,7680,75437,74522,58,7107567,9234,59820,7424,76483,179380,25168,20510,14677,12493,2887,748,4754,83399,76672,67654,9018,44214,11702,11738,11570,6739,8362,9894,11056,7411,6447,3461,2714,5223,24887,26250,11294,32553,16729,11729,4583,1397,663,164701
Varese,871886,422752,449134,348107,412094,20490,67662,23533,186000,206744,9434,10878,9696,41710,40725,39479,38842,40643,45472,55471,69182,72524,71930,59485,54697,55938,47864,49141,88783,21641,20853,20357,19937,20713,22883,27861,35058,36722,35987,29263,26497,26887,22658,22602,32833,821811,87349,249799,254466,173620,51872,4705,396883,39965,124597,135926,70553,24088,1754,406566,376486,22693,226688,212819,10565,343406,133213,61261,48100,23144,26876,14513,178888,289908,207169,94103,66088,31141,29498,31055,5535,14493,14526,2122,30849,16579,8508,10112,36,4,66084,361978,57453,566,36647054,62133,275338,29887,367453,867314,110512,108711,76136,55199,12859,4036,25881,192582,186567,164714,21853,86024,47374,31316,21931,15969,22990,32246,29558,16299,11887,7161,6673,15994,97537,40290,10893,75658,47065,22360,11406,5493,2732,443126
Bolzano/Bozen,504643,248322,256321,249598,200884,10098,31205,12858,132329,101078,4593,4931,5391,26871,27634,28749,27964,27951,29548,32137,37608,42750,41949,34590,28040,26335,25537,23107,43873,13926,14264,14713,14334,14299,15012,16075,18657,21682,21495,17561,13861,12729,12201,10761,16752,472250,44634,163774,142565,90385,29524,1368,231556,20660,81303,74460,39584,14957,592,255713,248365,5856,140496,136990,2804,165676,64923,26749,30733,14171,10404,5647,183046,104349,97790,44119,39396,18079,15835,19456,4105,7673,8705,1701,26306,4900,1850,6305,25,10,39386,199576,28277,423,18390738,49997,139995,14286,204416,499353,69083,50816,34145,33105,12191,5076,32828,91341,90910,85644,5266,46767,28152,10725,15666,4914,9030,11695,11403,9492,10970,6155,6319,4124,31295,37348,12877,40056,16042,14159,10384,3069,1934,271412
Trento,524832,255731,269101,227249,233360,10957,39091,14175,121421,117229,5038,6289,5754,26645,26891,27260,26549,26110,28140,32014,39284,42392,43128,37373,33239,31898,27062,24930,51917,13651,13941,14034,13671,13204,14108,16091,19517,21312,21743,18597,16693,15994,13103,11465,18607,492862,56114,172906,139320,94088,28920,1514,239330,25696,86902,72089,39302,14743,598,247696,235026,10503,138053,132547,4654,196340,76052,34976,33750,16087,15379,7455,168727,125975,112235,51767,45704,21341,20940,21013,3751,10381,9627,1333,30157,8108,2970,4455,12,2,45702,219418,129199,282,20813356,41961,163729,16755,222572,518964,75975,59725,39519,35413,9318,2622,16740,145889,140099,125292,14807,71228,26508,27556,38149,11825,11823,17017,16422,11216,9153,4909,4778,6769,33986,55008,29529,47725,34736,24909,12133,4038,1751,368711
Belluno,210001,101135,108866,87454,92046,4607,20060,5834,47252,46109,2155,3206,2413,8520,8953,9107,9250,9284,10150,11577,15356,16987,17058,15174,14335,14887,12634,12139,24590,4413,4629,4655,4723,4766,5125,5945,7628,8523,8520,7591,7119,7312,6118,5648,8420,199711,18099,65917,55706,47223,12191,575,95816,7945,34841,28828,18597,5359,246,97406,92246,4363,53199,50744,2076,86015,34239,13480,11680,5621,6927,3606,57967,46660,53928,24651,12439,5455,5241,6015,1183,2545,2542,368,7971,2378,638,1449,3,0,12439,91832,66386,55,9276153,12775,72678,8176,93655,208050,33926,26068,17350,12721,2796,794,5074,84376,80547,73717,6830,49071,12205,12441,18808,10306,10328,11028,9602,5253,4134,2183,2075,3664,27503,31111,11439,37425,17460,11643,5317,1532,340,168498
Padova,921361,447352,474009,378556,434387,18100,68647,21671,202120,217754,8159,10835,8484,43999,43018,42724,41764,43187,48178,59422,74008,79474,79264,66551,57531,55722,48885,46586,91048,22544,22201,21958,21642,21987,23737,29434,37390,40137,39613,33211,28158,27042,23386,21360,33552,868572,106669,261980,256114,180320,59332,4157,420297,49201,135289,134694,73523,25844,1746,439804,410413,22660,248716,235924,9946,351816,131933,82678,55165,26701,28206,14104,231596,269730,185767,89544,83591,39646,37878,40732,4981,18515,19299,1832,52252,18324,2081,10902,28,4,83587,363482,46961,430,42823320,53017,292200,25688,371114,913796,105546,103029,79532,60649,16129,6229,40355,224519,215374,191641,23733,123678,39499,28464,11312,10072,24098,41793,41805,25470,17979,10738,8374,17489,139659,26538,7955,102390,51791,20357,10627,4722,1754,436455
Rovigo,242349,117281,125068,93602,115688,4965,22441,5653,50850,58116,2258,3741,2316,9373,9019,9214,9470,10925,12161,15182,18502,19109,20068,18830,17553,16836,13091,13225,29791,4829,4689,4723,4957,5533,6107,7594,9469,9717,9960,9409,8637,8480,6287,6114,10776,231171,19754,66385,71235,53626,17881,2290,111487,8638,35150,37515,22625,6820,739,112727,103787,7134,63580,59561,3239,102016,39460,17848,12409,5898,8227,4401,67549,51956,63532,28777,15845,7273,7410,7363,1072,3610,3336,327,7737,4493,411,3201,1,2,15843,99065,25695,97,11377378,14878,78001,7598,100499,240007,27891,30447,23742,13891,3353,1175,7667,81147,78696,71106,7590,60053,4222,6831,7407,6704,12685,13578,11839,7440,6025,3159,2269,8717,55600,5892,897,45336,15490,6294,2754,912,320,132323
Treviso,876790,429287,447503,362088,414444,17064,63071,20123,194983,208609,7976,9613,8106,44926,45009,43285,41304,41848,46135,56143,70779,75757,73701,61578,53835,51597,45242,42837,82814,23086,23166,22309,21388,21191,22949,28198,35967,38362,37536,30929,26748,25459,21687,20043,30269,822791,80164,255968,245656,178700,58809,3494,401547,37388,132252,131612,72300,26494,1501,415180,387485,21828,237694,225400,9935,328390,123032,74124,50583,24788,24852,12168,212637,263324,178831,84884,94227,46645,45135,43741,5351,22523,21959,2163,54454,22490,3536,13699,40,8,94219,341173,58051,347,39695113,53670,270766,23276,347883,870103,97534,95284,71784,60400,16199,6682,44054,226366,218209,197782,20427,117602,39777,40403,19871,15762,23450,39516,38984,23806,17797,10968,7628,19130,134039,39505,5108,114921,48178,19152,9795,4095,1641,421862
Venezia,846962,408590,438372,335842,401070,18678,70279,21093,179185,201069,8412,11729,8195,37247,37405,37239,35371,36949,40699,50370,66020,71123,72528,62557,54634,55583,50276,48303,90658,19240,19394,19146,18199,18745,20237,25386,33226,35554,35825,30511,26530,26747,24062,22236,33552,802362,82656,240500,242704,173773,58356,4373,385580,37887,123689,127907,70632,24032,1433,386126,359007,21972,218241,205778,10147,348945,132569,92838,44720,21767,31381,15073,252361,183414,180006,94222,67657,31023,29898,32909,4850,14527,14913,1583,42351,8768,2409,14085,40,4,67653,351992,104953,506,36077469,59440,276598,24291,360501,841951,112498,104607,75261,52458,11496,4181,27144,185552,180409,159646,20763,113579,23349,22718,16046,9124,25926,37675,30124,15789,11251,7352,6359,16263,101993,26138,15252,75807,40792,20753,12641,5842,3811,476714
Verona,900542,439225,461317,375843,415627,18650,66094,24328,200869,209074,8396,11306,9580,44983,43964,43027,41732,43571,49244,59697,72327,75967,73907,61952,54559,53906,46787,45494,89425,23161,22633,22001,21519,22161,24457,30017,36617,38719,37358,30944,27120,26067,22343,21133,32975,846604,87799,267061,252705,179493,56129,3417,411497,40970,135298,135843,72361,25654,1371,425822,400915,19201,241736,230832,8524,342746,129694,73514,52439,25551,29532,15538,295915,196647,187261,86922,94340,46026,42667,45975,5698,20989,22670,2367,48383,25377,4698,15854,27,1,94339,363490,70978,557,39440182,77246,261892,30396,369765,892475,111529,103418,74720,58867,15602,5629,36472,199786,192147,170674,21473,102020,40774,27880,23150,15034,21168,31514,31906,19386,13485,8300,6731,17154,101503,40924,11093,82581,42892,23617,13291,5498,2795,465337
Vicenza,859205,421812,437393,360744,400998,15963,60896,20604,194337,201937,7390,9715,8433,43275,44151,43736,42735,42706,45122,54566,68231,74320,72543,59542,51131,50775,44710,42572,79090,22148,22456,22559,22140,21781,22382,27399,34882,38343,37035,30272,25592,24944,21343,19829,28707,807153,73227,246336,254857,176440,53396,2897,395191,33817,127744,135060,72150,25145,1275,403884,377835,19726,231521,220161,8820,324159,123128,68106,51048,24609,25526,12778,248320,225754,179479,84472,89229,44410,41183,42812,5234,20327,21920,2163,45659,21945,2878,18726,15,6,89223,336780,85482,416,38602096,57917,257638,27875,343578,851000,98044,94289,69437,60679,15759,5370,34556,225744,216709,192710,23999,105897,51660,35153,26848,16004,21654,34318,39262,22978,15769,9074,6803,11445,106662,59986,14617,97750,52518,24546,12180,4251,1465,444368
Gorizia,140143,67830,72313,53707,63584,4240,13697,4915,29269,32235,2001,2258,2067,5656,5794,5848,5530,5594,5868,7719,10667,11768,11857,9877,8772,9667,8666,9080,17780,2937,3005,3053,2860,2805,2970,4007,5477,6066,6092,5071,4338,4596,4093,4193,6267,133334,14446,45839,42589,22960,7173,327,64321,6517,23829,21893,8566,3385,131,62020,56814,4345,34810,32315,2144,60825,24025,11108,7280,3602,5363,2534,32387,35969,37074,17680,10015,5059,4271,4856,888,2138,2516,405,6855,914,318,1923,5,0,10015,63430,16276,84,6150706,10062,50431,4076,64599,139061,23768,19585,11877,7188,1633,548,3575,35744,34636,30760,3876,16561,6165,8034,4074,3983,5318,5219,4064,2795,2430,1552,1325,3928,17645,7009,2178,17083,6517,3105,2186,1211,658,85099
Pordenone,310811,151951,158860,125627,145531,6084,25149,8420,68690,73157,2805,3988,3311,15299,14432,13894,13294,14101,16550,20867,25093,26020,25142,21243,19382,19783,17588,16550,31573,7974,7378,7219,6970,7109,8293,10916,12767,13160,12614,10558,9444,9796,8547,7798,11408,292516,29172,96676,84999,60795,19880,994,142401,13130,50903,44858,24462,8663,385,146969,136631,7882,82357,78006,3431,120217,47023,22585,17060,8416,9342,4855,75769,87452,71230,33295,33039,16100,14926,15522,2591,7564,7528,1008,20286,7533,1319,3890,9,2,33037,126671,30566,117,14063347,19992,100657,8619,129302,308264,38990,37249,26520,20151,4582,1810,11702,101484,97612,88434,9178,48284,18600,21550,11725,7448,11027,15940,17520,10413,6560,4290,3511,11462,48170,25845,2957,60796,16696,5818,3025,1384,715,166308
Trieste,232601,109555,123046,87281,101043,8016,24926,11335,46623,50658,3739,4098,4437,8678,8826,8777,8842,9415,9700,11699,16608,18096,18807,16284,15129,16751,15276,16609,33104,4474,4582,4499,4545,4852,4932,5814,8232,8898,9381,8054,7283,7855,7032,7414,11708,222142,33024,71432,75257,31558,10420,451,104186,15268,34437,36991,12365,4933,192,102666,93634,7212,54429,49841,3687,103654,41571,15917,12659,6222,8979,4152,96208,18759,66099,30765,16571,7943,6552,7780,2239,3358,3629,956,13271,912,667,1699,17,5,16566,113280,13625,92,9380060,25432,83136,6934,115641,229092,49938,35187,17238,10435,2095,748,4851,36903,35809,31174,4635,16009,8123,7042,8829,3897,5612,4781,3181,1870,1416,758,830,3185,14956,5114,7919,16603,4428,2065,2697,3622,1759,131416
Udine,535430,258689,276741,213860,242510,12752,49808,16500,116037,121899,6066,7817,6870,22104,22457,22178,21537,22992,26660,32132,40218,43794,44266,38520,35251,37063,33812,31975,60471,11209,11537,11459,11055,11568,13422,16408,20265,22024,22141,19247,17236,18003,16372,15029,21714,508829,53717,168207,144315,111500,29661,1429,245164,23962,89758,74727,43222,12897,598,247234,230289,13920,137559,130136,6182,221457,86925,39727,28774,13981,18790,8817,120425,150470,134166,63354,37254,17024,16026,17691,3537,7825,7961,1238,26500,6328,1806,2588,22,10,37244,233170,79870,344,25759826,34611,186582,16919,238218,531994,82510,69757,46071,30843,6777,2260,14500,178989,172341,155995,16346,73502,40540,41953,23579,13432,18770,24027,34529,20810,9774,5936,5138,17341,75941,54544,8169,98038,32547,13380,7256,3237,1537,333384
Genova,855834,402267,453567,327146,382945,26925,88045,30773,171639,191024,11751,16017,11836,32337,32920,33261,34135,35100,36125,43259,59370,66301,69936,61298,56010,59806,53974,57692,124310,16498,16774,17212,17725,17838,18083,21066,29197,32513,34092,29702,26783,28363,25074,25625,45722,816973,109675,270572,227637,155951,45918,7220,382501,50147,131054,115984,62143,20381,2792,367208,339401,21436,200116,187529,9608,390108,151667,81402,46438,22444,37902,18392,329821,81567,224366,108955,58466,25734,25071,28033,5362,12295,11575,1864,20545,7928,23649,6320,22,2,58464,405478,114711,955,36188967,92309,292391,31634,416807,849194,172674,120694,72181,40905,8015,2338,14894,118243,110928,98917,12011,63855,25420,9642,36004,18014,14963,13595,8232,3317,2276,1242,1274,8453,36102,30112,24250,37845,22382,14066,8961,6498,9165,539898
Imperia,214502,102095,112407,82015,94732,7016,21309,9430,43653,47458,3117,3990,3877,8011,8254,8750,9060,9352,9513,11034,14532,16671,17723,15615,13949,14738,13318,14431,29551,4155,4251,4523,4708,4721,4792,5428,7216,8273,8693,7656,6798,6890,6269,6525,11197,204839,18851,60538,66516,43258,13780,1896,97104,8374,28494,34995,18698,5925,618,92030,83468,6874,50687,46541,3349,97457,38479,16436,10903,5261,11727,6677,60527,35014,58391,26013,18808,8672,7660,8596,2552,3808,3806,1058,12009,3405,2220,1148,21,5,18803,99798,74842,340,8343448,24773,66168,10292,101287,213040,40564,28666,17875,10753,2480,949,6107,68509,64147,56070,8077,30069,19334,6667,18226,6331,6570,8302,6398,4315,3170,1572,1186,9407,24802,13692,8169,26302,12447,8104,4953,2370,1894,187997
La Spezia,219330,104390,114940,79519,103153,6712,22336,7610,42823,51629,3122,3700,3116,8222,8366,8459,8531,8873,9865,11879,15410,17631,18674,15651,13685,14990,13449,14201,31444,4163,4310,4324,4421,4473,4933,6021,7707,8672,9292,7797,6611,7263,6306,6499,11598,209362,22855,69528,60151,43504,12506,818,99358,10297,34738,32425,16462,5099,337,93914,86334,5727,52536,49193,2527,100369,39057,23028,11634,5603,9573,4763,60672,40762,56134,28292,14550,6390,6260,7053,1237,2996,2934,460,7442,2592,3554,953,9,0,14550,99967,32958,322,9044934,20237,71382,9953,101605,218677,36923,30454,20200,10937,2341,750,4793,56553,54385,46423,7962,29442,10898,6083,12534,7123,7235,7315,5213,2642,1949,1181,1231,5179,23697,11735,5812,20240,12418,7174,3635,1811,1145,141739
Savona,281028,133220,147808,103108,128615,8973,29080,11252,55223,64196,4116,5109,4576,10479,10988,10783,10612,11036,11726,14062,19276,22884,23388,19754,17899,19494,18336,19854,40457,5420,5662,5507,5404,5723,5895,6866,9494,11291,11680,9615,8743,9105,8378,9040,15397,268421,27743,82109,82750,59000,15588,1231,126710,12297,40346,42652,23996,6934,485,120453,111622,7205,66489,62352,3394,128325,50142,24664,13815,6602,11882,5998,69740,57760,77964,37069,19592,9074,8360,9120,2112,4234,4082,758,11726,3834,2616,1406,10,0,19592,135297,109854,275,11790160,31300,94282,12822,138462,279269,59640,38819,23145,13076,2838,944,6062,70951,68207,62058,6149,30713,22828,8517,16614,7281,8037,11444,8934,4265,2563,1440,1480,6924,29518,15960,9656,27129,13452,8606,5431,3875,3565,255555
Bologna,976243,466757,509486,403096,429283,24794,85234,33836,211856,215051,10896,16332,12622,44136,42346,40149,37118,37872,46452,61310,78283,82311,79618,68904,61019,62384,54190,56871,123280,22678,21923,20626,19264,19169,22724,30144,38810,40752,39434,33544,29233,29584,25458,25960,47454,923392,143366,288562,244955,178427,63303,4779,439535,63782,140921,130508,75766,26957,1601,472061,442314,23689,249918,235962,11315,377551,151612,46708,50002,24316,29959,15232,303875,218762,250882,110571,94163,42582,40033,46630,7500,19467,20713,2402,44219,22525,4043,23343,24,9,94154,444120,82724,794,42116188,104430,316484,39070,460190,970085,178304,138072,81364,47129,11049,4272,27784,146509,142362,123950,18412,80887,28581,14482,19928,16276,20419,19936,18496,10187,9184,5077,4447,7753,60211,33958,22028,42745,29787,20533,15652,8843,6390,551740
Ferrara,353481,168345,185136,133658,163299,8838,35730,11956,71377,81820,4029,6368,4751,13700,13063,12321,12151,13138,15615,20487,27180,28496,28714,26494,24503,25486,21683,22563,47887,7002,6695,6430,6325,6624,7764,10115,13692,14297,14251,12886,11615,12146,10298,10151,18054,337137,37724,97921,94028,78017,26702,2745,159947,16513,49783,49699,33232,9890,830,163131,151702,9357,88284,83099,4281,151266,59934,21144,16761,8099,12400,6588,111591,62488,100961,44548,24998,10782,11024,11821,2153,5370,4884,528,13253,6339,659,4742,4,1,24997,157453,61056,292,16717001,26025,120122,14056,160321,351136,53256,52100,33270,16776,3521,1398,9161,102092,99727,85410,14317,68305,12509,4596,9922,8528,16688,15693,13816,8711,5657,3295,3100,8446,59913,13264,3787,41412,20950,12316,6565,2875,1292,233669
Forlì-Cesena,390738,189911,200827,160507,179071,8722,31591,10847,85672,90292,3951,5826,4170,18415,17804,16500,16012,17388,19951,25350,31702,32004,31240,27184,24185,24405,21262,21815,45521,9642,9102,8617,8338,8873,9887,12601,15980,16135,15683,13284,11592,11817,10239,10135,17986,368627,40795,112506,106669,76235,29949,2473,178443,17932,53778,59382,33830,12605,916,189698,176824,10492,103750,98168,4533,148321,58800,21485,19981,9524,12062,6176,140841,68355,94793,42541,38479,18482,17141,18373,2965,8601,8821,1060,22077,11110,1061,4227,4,0,38479,160904,36651,223,16227086,29359,118614,16652,164709,388195,51633,47339,33745,23183,6180,2629,17017,99569,95884,76665,19219,44187,24319,8159,9452,7333,11922,16569,13867,7862,4687,2675,2298,6998,43684,20423,5560,31670,23206,12088,6045,2575,1081,212078
Modena,685777,333069,352708,273877,319289,16141,55578,20892,147403,160394,7272,9958,8042,34489,32463,31106,29921,30950,34708,44005,56192,57368,55112,47693,42313,42649,35612,35280,75916,17848,16659,15980,15689,15733,17300,21858,28308,29122,27533,23362,20368,20542,17000,16378,29389,644646,69722,201474,181822,139245,48454,3929,311828,30428,101595,97155,59944,21281,1425,331716,309311,17335,181464,171350,8001,256003,101118,37921,36952,17994,20554,10714,229113,145176,160576,70745,81428,38982,37525,38430,5473,18714,18371,1897,32374,30972,2357,15695,29,1,81427,282331,76755,927,29722497,57365,206703,25460,289600,682657,90877,84774,57697,40216,10909,5127,33732,140282,136272,118996,17276,83470,17891,17635,17587,12365,17530,22592,21758,11405,7739,4219,3801,7107,53685,42695,15509,46471,33334,19781,11304,5625,2481,379282
Parma,427434,206072,221362,171671,195260,10192,37835,12476,92119,97978,4488,6806,4681,19823,18382,17898,17287,18965,22220,27469,34529,35798,34804,29347,25591,26508,23019,24218,51576,10203,9495,9203,9010,9570,11078,13598,17323,17935,17317,14459,12416,12838,10967,11233,19427,403803,52526,126565,112305,83360,27087,1960,193921,23660,61957,60179,35198,12143,784,207814,196253,8792,113854,108764,3920,163517,63317,26528,22633,11037,13101,6689,147194,84453,101255,44945,46882,21862,21170,22158,3554,10494,10127,1241,22304,14292,2760,7515,9,2,46880,188362,51809,280,19634674,40648,134469,17293,192422,424883,69313,55537,36392,23490,5689,2001,12915,106719,102658,89995,12663,56332,19010,14653,18516,12899,12490,14495,13074,7453,4980,3195,2893,5912,40399,31148,12536,44015,20856,12025,7696,3773,1630,256565
Piacenza,284616,137838,146778,112005,131644,6483,27034,7450,61139,66231,3000,4400,3068,12353,12013,11824,11795,12762,14018,16964,21628,23040,23114,20176,17882,17721,16048,16860,36418,6371,6117,6134,6090,6512,7108,8417,10926,11697,11618,10138,8864,8655,7699,7833,13659,269816,29262,87084,75437,59126,17557,1350,130241,13080,43604,39979,25220,7839,519,132112,124108,5963,74484,70932,2684,116314,44732,20077,14779,7041,9047,4689,81958,62815,72411,32514,35912,17408,16791,16350,2771,8376,7974,1058,20282,9006,3321,3293,10,0,35912,124822,40924,155,12803755,25890,90324,10354,126585,282776,44428,36956,24104,15677,3836,1584,10236,89382,84558,73589,10969,49091,14090,10408,13876,10804,11816,11515,10833,6246,4084,2338,2077,6836,37723,23146,5884,40710,16158,8706,4917,2156,942,180871
Ravenna,384761,185521,199240,155806,171879,10051,33387,13638,82590,86642,4608,6292,5389,17554,16673,15501,14845,15420,17991,23412,30409,31976,31525,27390,24012,24707,20836,22506,50004,9036,8590,7997,7657,7766,8801,11510,15225,16112,15823,13547,11660,11807,9826,10362,19802,363717,40696,116007,100916,73098,30643,2357,174718,17510,56383,55251,32031,12652,891,181593,170495,9177,98858,93964,4091,153440,61040,21650,18468,8804,12258,6251,138465,58518,101064,45255,39284,18554,16794,19047,3443,8334,8933,1287,25448,10512,1006,2305,13,0,39284,167123,54205,275,17903402,27241,128212,16121,171674,382238,59539,51611,32933,20471,4999,2121,13799,104830,102172,89823,12349,56260,22169,11394,7972,8466,20791,18047,14197,7825,5771,3950,2804,7952,61753,15946,4172,45013,22832,12087,6100,2454,1337,230667
Reggio nell'Emilia,517316,252659,264657,212174,239445,11238,39878,14581,114857,120297,5132,6579,5794,27879,26426,24519,23174,23354,26938,34992,44437,43844,41178,34797,30467,30655,24974,25249,54433,14327,13716,12715,11913,11975,13193,17477,22559,22374,20706,17207,14846,14790,11989,11841,21031,484026,47010,150043,142168,103808,37849,3148,235574,20363,72913,78604,45505,17058,1131,252363,233343,14348,140308,132017,6438,186129,71593,30537,26768,12831,14324,7327,170107,116456,114500,50707,61531,29517,28537,28256,4738,14327,13604,1586,22414,18889,1712,18490,18,8,61523,208824,42310,420,22137742,38859,155701,21131,215718,515366,68539,59545,42647,31941,8809,4237,27987,114048,109589,97691,11898,64629,19149,13913,12130,9854,12174,16681,18095,10705,7994,5780,4278,4217,46549,37272,9653,42491,27600,15222,7981,3102,1295,265327
Rimini,321769,154991,166778,133847,146221,7526,24659,9516,70583,73116,3350,4477,3465,15438,14845,14485,13968,14411,16599,20659,26260,27585,26494,22761,19719,20135,16980,16926,34504,7844,7593,7390,7329,7288,8099,10111,12922,13637,13087,10985,9461,9667,8074,7938,13566,303309,35817,97715,87141,56700,24312,1624,145576,15566,47228,48039,24424,9781,538,150096,137013,11367,82800,77071,4997,126905,49364,25960,18177,8818,14062,7235,103416,60832,68706,32739,29359,12825,11871,14308,3180,5706,5981,1138,20658,4311,1883,2499,6,2,29357,132384,41047,273,12561922,22901,97753,14778,135516,319777,43113,37399,27795,20358,4989,1862,12104,76860,74578,61690,12888,28709,24777,8204,4247,3420,9805,15057,12346,6548,4690,2951,2626,5279,29305,19047,8059,22464,17340,12156,6768,2190,772,182696
Arezzo,343676,166507,177169,130916,167941,7370,29125,8324,70188,84424,3408,5242,3245,15007,14781,14534,14709,16303,18363,21451,26009,27153,26992,23836,21556,23316,18604,19241,41821,7727,7528,7514,7626,8290,9006,10665,12952,13417,13429,11781,10527,11322,9082,8953,16688,325766,33820,100087,94382,70591,24820,2066,157319,14240,50292,52107,30397,9645,638,159470,146821,9565,87648,82223,4137,139884,56090,21427,20040,9468,11063,5543,107603,67051,87354,40518,33897,15735,15063,15898,2936,7448,7116,1171,22548,3332,1455,6540,20,2,33895,138479,36136,197,14401884,21269,106605,13911,141834,342391,42010,39788,30831,21165,5751,2289,14897,90538,87790,76585,11205,52548,15735,8302,20112,8624,9369,11263,9829,6376,4815,3517,2680,5534,42849,22762,5440,35827,20300,12051,5748,1865,794,192503
Firenze,973145,463574,509571,393196,447491,21737,82974,27747,204876,223690,9652,15061,10295,42490,43434,41549,39617,41761,46080,56553,74108,79477,78637,67264,60463,64334,56600,58206,122572,22128,22420,21500,20330,21200,22624,27643,36257,39005,38634,32631,28796,30340,26461,26428,47177,922021,127159,273025,253020,197769,65293,5755,437011,55765,128747,140708,81913,27776,2102,451748,421053,23969,241885,228078,10812,393924,155641,61544,54847,26216,39850,19086,308108,201545,237683,108693,97071,44129,40591,48005,8475,20151,20748,3230,47065,12104,11601,26175,99,27,97044,411896,46892,465,39258208,76577,308686,37504,422905,967872,142138,121783,83262,55861,13769,6092,40093,163629,160530,130796,29734,88095,33786,8915,40717,22774,18770,18250,13674,7179,4518,2503,2411,11006,67014,34272,18504,47624,31089,24330,15892,7572,4289,493326
Grosseto,220564,105585,114979,82500,103512,5650,21693,7209,44285,52091,2599,3776,2834,8654,8671,8499,8635,9421,10281,12540,16193,17177,17541,15661,15118,15901,13394,13867,29011,4506,4498,4335,4521,4805,5197,6358,7937,8434,8582,7491,7274,7736,6325,6323,11263,210167,21187,61934,61382,48067,16396,1201,100163,9224,30912,33049,20219,6344,415,95972,88746,5807,53905,50746,2579,98768,38341,21762,11626,5585,9730,4775,74569,24028,55650,27655,17291,7786,7028,8308,1955,3599,3494,693,13603,1888,799,987,13,1,17290,97586,53419,195,8911189,14540,75566,9803,99925,219654,35603,29265,19774,11741,2514,1028,6665,59621,58407,52166,6241,35697,12054,4415,11121,7720,10036,6570,7004,3863,2376,1854,1622,9136,26485,11651,4894,23464,12370,8115,4744,2254,1219,162587
Livorno,335247,160393,174854,124339,158833,10089,30630,11356,66105,79665,4632,5531,4460,13746,13581,13121,13241,14135,15458,19595,25519,26996,27280,23247,21590,22923,21652,20991,42172,7020,7007,6781,6845,7254,7764,9716,12615,13363,13432,11228,10286,10949,10166,9619,16348,318726,34080,100614,94251,66155,21868,1758,151912,15174,50038,50292,26968,8756,684,147323,133166,11179,81366,75000,5046,147476,58219,35490,17318,8251,16746,7941,120148,38456,77922,41486,21580,9633,8189,10909,2482,4011,4732,890,13965,3847,2088,1664,13,3,21577,145828,49025,230,12708802,27895,108855,12925,149953,333356,51108,45069,30268,18219,3901,1388,8925,60047,58750,49381,9369,30730,14585,4066,8400,5394,8718,9000,7688,4543,2778,1476,1384,10184,23980,9492,5725,15873,11572,9840,6887,3243,1966,205699
Lucca,388327,186183,202144,150013,181190,10227,34963,11934,80180,90483,4632,6161,4727,16216,16520,15944,16135,17121,18775,23082,29321,31756,32207,27767,24795,25959,23024,23168,46537,8334,8475,8225,8304,8680,9510,11456,14424,15664,15892,13605,12095,12637,10929,10740,17213,368820,37803,109074,111884,85678,22802,1579,176154,16896,51402,61883,35314,10021,638,173602,157736,12593,98226,91062,5745,166045,62923,35782,21657,10276,16907,8594,108891,78740,91699,43274,24861,11102,10194,11969,2698,5138,4964,1000,16017,4506,1336,2957,43,2,24859,159434,57635,502,17236824,23136,121393,19176,163815,387159,52429,44589,34702,22927,6423,2745,17623,156245,150162,129556,20606,102869,17288,9399,33575,16765,16615,19137,16994,9960,6795,5059,4656,14442,71618,37674,5822,84557,26259,11604,4919,1634,583,238219
Massa-Carrara,199650,95754,103896,76470,92149,5646,19820,5565,41379,46181,2532,3438,2224,7727,7768,7745,8073,8741,9991,11847,14693,15509,16365,14623,13327,13637,11534,12371,25699,3919,4031,4032,4190,4509,5075,6002,7371,7707,8192,7082,6507,6694,5514,5692,9237,190354,19805,61971,54221,41236,12206,915,91004,8963,30539,29913,16387,4882,320,84780,75919,6900,48574,44322,3398,91630,35198,22404,11455,5498,10628,5711,59432,30935,47143,23641,11760,5441,4785,5818,1157,2361,2626,454,7835,2568,800,552,5,0,11760,84702,35760,245,8121919,14201,62295,10417,86941,198844,29049,24240,18395,11536,2743,978,6271,70672,66961,59749,7212,36384,18687,4678,15246,7528,9062,8122,8277,5313,3455,1670,1076,9565,33547,13414,3223,34723,14287,6403,2522,1165,649,128738
Pisa,411190,198673,212517,159493,196907,9734,34305,10751,85077,98947,4369,6145,4135,18936,17730,16996,16630,18260,21253,27167,33539,33101,32346,28413,25495,27075,23673,23367,47209,9663,9247,8811,8564,9277,10584,13766,16857,16595,15973,13966,12297,12918,11107,10698,18350,388659,50819,113950,106781,86556,28211,2342,187147,22791,55734,59985,35723,12033,881,191423,175527,11996,105931,98793,5402,166105,65021,30765,24165,11442,15374,7747,106629,105879,95801,45224,31998,15213,13582,15256,3160,6812,7203,1198,18682,7321,1306,4670,14,5,31993,169069,32663,316,17174710,29254,127506,16339,173144,409494,52315,50451,37259,24705,6008,2406,15640,97270,94658,81202,13456,57525,16849,6828,20412,9651,13510,12081,9625,5600,4171,3212,2940,7327,51268,17989,4618,35048,21633,14103,7425,2187,806,214303
Pistoia,287866,138054,149812,109805,138391,6957,24331,8382,58259,69174,3151,4282,3188,12609,12474,12161,11674,12743,14531,17930,22316,23441,23133,20405,18071,19005,16419,16630,34324,6523,6423,6194,6032,6524,7148,8731,11012,11534,11453,9866,8779,9230,7744,7615,13246,272704,24238,76900,83061,67246,19414,1845,130221,10297,37000,45777,28441,8103,603,132511,120308,9254,73344,68203,3949,118111,45570,22486,15039,7272,10735,5500,78275,66160,69851,32254,23985,10669,10785,10908,2292,5278,4495,896,18675,2826,876,1592,10,6,23979,116236,30009,220,12465261,18961,87929,12408,119366,287202,35018,33842,26745,17372,4442,1947,12567,79466,77094,66399,10695,49794,10996,5609,14885,8353,10805,12422,10295,4968,2570,1305,796,5675,40613,16473,3638,31709,18893,10086,4003,1218,490,152509
Prato,245916,119088,126828,97999,118587,5237,18311,5782,52075,59349,2347,3087,2230,12265,11975,10903,10546,11877,13288,16195,19717,20380,19885,16859,15236,15399,12964,13044,25383,6412,6193,5617,5445,6050,6521,7997,9877,10219,9822,8216,7289,7426,6148,5966,9890,231135,18640,62899,72484,56293,18575,2244,111356,8090,29682,39761,24860,8125,838,118083,106934,8674,65225,60194,3927,92690,35641,18686,12849,6215,9120,4454,87092,45861,52035,24497,33113,16127,16155,15082,1876,8118,7243,766,10616,3398,914,18182,3,0,33113,93937,15145,125,9634917,15228,73882,6771,95967,244940,24100,27057,22414,15691,4544,2161,14000,51490,50385,35803,14582,20091,12828,2884,4524,3913,7623,7425,5316,2725,2012,1338,927,2687,17865,11556,3695,16875,8714,5226,2729,1235,1024,112036
Siena,266621,127633,138988,103331,126476,5185,24642,6987,54987,63505,2351,4172,2618,11673,11133,10896,10841,11699,13491,16240,19846,20931,20740,18357,16739,17532,14377,15677,36449,5935,5813,5606,5612,5939,6707,7967,9716,10410,10203,8911,7993,8508,6861,7165,14287,252719,33275,73673,66573,56584,20711,1903,120514,14364,36420,36435,24694,8041,560,124566,116497,6211,67193,63756,2669,108353,43086,15959,14702,7048,8178,3942,82688,54782,69514,31743,26291,11846,11174,12416,2701,5580,5290,976,19043,3369,1621,2230,27,1,26290,112499,32471,123,11204451,19523,84339,11646,115528,264760,37780,34042,23315,15191,3765,1435,9362,61279,60054,51862,8192,35959,9828,6075,19592,6953,5531,6164,5416,3588,2190,1325,1103,4303,25342,15517,6700,21049,12876,9402,5541,2163,831,156062
Perugia,655844,315217,340627,254748,316040,14107,56647,14302,136087,158091,6619,9018,5402,30024,29220,28071,28737,31899,35988,41945,49263,50284,50799,45352,40863,41890,34866,36300,80343,15430,15080,14516,14835,16147,17882,20829,24311,24573,24777,22079,19933,20290,16646,16737,31152,619812,78620,204383,156238,122960,52901,4710,296683,33288,104415,84261,52453,20745,1521,297952,271370,19960,163931,151922,9222,270577,106260,44810,39658,18695,25807,12273,227859,101080,160302,74487,68026,30393,29892,31537,6597,14735,13212,2446,43208,13824,6814,4117,55,8,68018,260388,64092,413,27646787,37636,199183,31289,268126,651973,83054,71059,54951,41506,12046,5510,35694,180702,171635,149566,22069,97165,31203,21198,29884,12319,17118,23091,25146,15449,12061,7505,6993,10945,78877,47549,12195,74827,40802,20331,8827,3251,1528,355847
Terni,228424,108840,119584,83979,110751,5781,21837,6076,44788,55370,2684,3761,2237,9238,9286,9286,9212,10152,11471,13359,16597,17689,17813,15445,14765,15782,13743,14122,30464,4759,4777,4827,4722,5162,5754,6664,8082,8636,8652,7416,6955,7648,6397,6623,11766,217313,25818,71969,57583,44162,16539,1242,103122,11140,36792,30643,17860,6262,425,97597,88409,6713,53917,50234,2709,103017,40560,22751,12974,6061,9438,4299,74062,30952,57854,29884,19689,8461,8331,9552,1806,4148,3757,556,14746,1553,1003,2360,25,2,19687,96779,25156,154,9805054,15889,72675,10644,99209,227397,32258,28876,20331,13736,3028,980,6310,58281,56296,50373,5923,34186,11151,5036,11388,6491,7868,6601,7261,4608,2987,1600,1569,4872,26449,15055,3997,24238,13551,7452,3219,1152,761,130029
Ancona,473865,228105,245760,188813,223470,10554,40263,10765,100598,112042,4786,6553,4126,22036,21055,20834,20783,21788,24493,30577,36693,37147,36833,32178,30009,29455,25397,26292,58295,11240,10867,10738,10718,11076,12213,15482,18379,18315,18386,15714,14419,14387,12073,11915,22183,447624,57051,141494,115976,97032,34209,1862,214689,25118,72851,61931,40594,13534,661,218763,200844,14084,119244,111414,6242,191177,76016,31255,28722,13892,15395,7770,150154,92454,115805,53733,40508,18623,17880,19217,3411,8833,8558,1232,21876,8115,3086,7411,19,1,40507,192979,46539,303,19289488,29835,150036,17510,197439,471415,59992,55805,40859,30692,7336,2755,17788,99089,94773,83333,11440,41139,34312,7882,16040,10687,11424,12990,14289,7635,4701,2970,2597,7064,41361,24605,10303,32895,22408,13883,8704,3738,1705,261761
Ascoli Piceno,210407,101728,108679,83600,100671,4397,17669,4070,44979,50446,2038,2717,1548,8588,8810,9433,9941,10801,11465,12903,15052,16374,16691,14994,13635,13238,11011,12004,25467,4415,4613,4900,5166,5577,5801,6399,7545,8060,8208,7208,6515,6325,5275,5606,10115,200034,23745,64256,54338,39413,16959,1323,96366,10606,32566,29194,17153,6470,377,93839,84010,7870,52666,48378,3422,89737,35134,17087,14893,7113,8707,4618,57473,41820,49050,23156,12758,5472,5401,6118,1239,2598,2429,445,8409,1999,482,1859,8,1,12757,81987,27934,85,8641929,10065,64588,8855,83535,209594,23440,22287,17212,15083,4018,1495,9522,46056,43860,39181,4679,17773,17277,4131,7510,4783,5968,5974,6426,3937,2598,1161,824,1894,14204,15312,7771,16758,9908,6672,3545,1587,711,116754
Fermo,174857,84840,90017,69314,84395,3277,14456,3415,37175,42391,1485,2530,1259,7573,7513,7684,7942,8500,9573,11118,12538,13393,13431,12537,11489,10861,8746,10060,21899,3948,3860,3970,4107,4243,4795,5469,6229,6656,6749,6223,5612,5285,4174,4663,8857,165774,16778,44756,48411,37987,16501,1341,80125,7104,21919,27033,17390,6268,411,81239,74184,5648,45272,42172,2522,70848,27790,11405,11107,5191,6410,3513,48913,36669,41926,18844,15606,7238,7022,7172,1412,3482,3220,536,8125,3289,506,3678,7,1,15605,67404,22371,55,7250374,8402,51938,8361,68706,174456,18931,18135,14578,12093,3420,1549,10049,45280,42410,38382,4028,18898,14035,5449,6070,3798,5102,7539,6926,3861,2303,1414,1369,1889,15448,15184,5861,15718,11317,7166,2907,985,289,98527
Macerata,319607,154770,164837,126599,152917,6152,27626,6313,68244,76924,2845,4318,2439,14349,13964,14138,14586,15880,17538,20376,23414,24410,24250,22104,20265,19727,16080,18301,40225,7342,7215,7321,7511,8073,8638,10169,11726,12284,12165,10831,10012,9620,7605,8466,15792,302461,34841,86826,84004,67498,27388,1904,146039,15076,43402,46519,29782,10580,680,147462,135668,9102,82406,76923,4337,129694,50486,20707,19649,9166,11195,5956,97894,61211,78143,34937,32314,15439,14787,14872,2655,7455,6967,1017,18052,5078,1675,7488,20,1,32313,124317,39596,180,13121916,17991,96471,11883,126379,317963,36302,33600,25769,21217,6364,3127,20466,86344,81277,72500,8777,45284,18714,8502,17027,7686,8237,11072,12665,6517,4347,2893,2056,5232,33869,24844,8555,36219,18814,9981,4641,2120,725,177043
Pesaro e Urbino,362583,176501,186082,148981,168590,7330,29185,8497,80323,84590,3359,4968,3261,17020,16737,16178,16210,17474,19298,23410,28391,29552,28965,25279,21747,22325,19260,19076,41661,8756,8568,8364,8417,8913,9583,11637,14271,14889,14629,12562,10590,10818,9347,8906,16251,342184,40861,105951,94059,69695,29669,1949,165991,17823,53612,51417,30656,11750,733,169269,154887,11602,94582,88343,5137,143379,56231,24329,21340,10269,12694,6561,115465,69542,85016,38919,32021,14578,13761,15206,3054,6750,6742,1086,19792,8277,1709,2236,7,0,32021,145555,40866,111,15006493,21738,112168,14735,148681,361108,44455,40833,30953,23710,6268,2462,15948,92034,88851,78228,10623,42541,27014,8673,13920,8268,10989,14114,13318,7476,4743,2965,2435,5174,41428,24731,6895,35163,22219,12465,5721,1832,828,198839
Frosinone,492661,240388,252273,194210,242020,9621,39586,7224,103684,122093,4540,7116,2955,20993,20942,21732,24846,28454,30950,33186,36191,37225,37609,34834,33020,33570,23211,24141,51757,10833,10718,11328,12788,14617,15799,16586,17935,18243,18265,17001,16343,16817,11327,11478,20310,467518,45333,149528,131218,96332,38545,6562,227451,19311,76943,72355,42463,14823,1556,200408,171602,17811,120798,107271,9022,228586,86711,61435,35811,16482,28041,16445,116944,100397,103299,52779,18789,8515,8621,8641,1527,4305,3626,584,14497,2306,793,1178,10,5,18784,190237,68737,414,20529147,20935,147195,28108,196247,491488,56708,49251,40831,37340,9284,2833,18005,179650,164843,146410,18433,102655,30638,13117,18703,13975,24727,27562,31221,16541,7503,3691,2487,27434,83226,28244,7506,82551,40394,15908,4984,1744,829,287916
Latina,544732,266395,278337,224015,259199,13448,37590,10480,118787,130624,6085,6815,4084,25724,25221,26092,28155,30477,32856,37248,43779,44792,43710,37428,33903,35855,26336,26259,46897,13089,12851,13513,14556,15515,16785,18784,21701,22060,21385,18244,16454,17443,12620,12398,18997,513901,51726,159774,157336,97351,42623,5091,250717,23237,80933,85157,42351,17531,1508,232636,198746,23476,138320,121842,11922,235059,88622,64311,37605,17647,29823,17409,166928,90418,103320,52539,30859,15393,13315,15720,1824,6941,7710,742,19886,2904,1168,6880,19,2,30857,208800,76829,566,20222968,32274,154203,26910,213413,543760,59306,52995,45034,42053,10534,3491,22480,144511,137853,121026,16827,64508,39985,16533,8757,7241,14949,23904,31283,19629,8993,3841,2429,34888,54430,21266,10442,59752,29639,18439,8451,3067,1678,316089
Rieti,155164,75762,79402,60852,72955,3891,13880,3586,32593,36999,2002,2645,1523,6135,6186,6515,7298,7892,8315,9586,11162,11733,12419,10938,10208,10577,8340,8765,19095,3143,3253,3290,3843,3970,4230,4801,5563,5761,6162,5374,5118,5372,4101,4101,7680,147803,15306,48300,41549,30812,10796,1040,71956,6774,24577,22764,13294,4229,318,66590,58933,5239,38049,34520,2463,69738,28027,14051,10553,4934,7612,4139,38753,32271,37522,18706,9659,4169,3946,4939,774,1904,2018,247,7662,654,640,694,7,2,9657,65802,48634,129,6438793,8129,50479,8597,67206,154673,23967,17099,12546,10218,2547,829,5263,77648,71965,65057,6908,50933,8810,5314,19612,9562,8394,8091,8315,5298,3033,1509,1243,9388,34686,17706,3277,39446,14663,7036,2708,878,326,127611
Roma,3997465,1902725,2094740,1701651,1743838,132809,295289,123878,869535,873482,57661,58797,43250,192398,187559,180837,182833,191198,210619,255336,324612,344460,340420,286005,249296,242945,210877,210434,387636,99030,96535,93040,94319,98045,105886,124912,156402,165899,163982,136231,117522,113009,96341,93586,147986,3766463,632269,1342479,973676,555778,243978,18283,1783700,293307,647054,505536,225657,106143,6003,1817385,1628289,129331,990302,897085,63613,1619286,623818,394060,261621,125340,223396,124387,1612725,426795,740209,363412,342686,157499,130931,183741,28014,67375,80620,9504,192115,33092,33989,83116,268,106,342580,1681451,258089,5854,154190999,320962,1224984,177612,1743263,3973279,625716,447139,336169,255630,58732,19877,128598,467342,454749,393664,61085,178462,161411,53791,25828,24650,52906,68597,83601,64626,37941,20811,14704,70561,156573,89161,77369,139291,82278,70334,45502,29235,27024,2040308
Viterbo,312864,151880,160984,121406,148403,8073,26953,8029,64910,74895,3931,4904,3240,13143,13010,13098,13860,15771,17535,20546,23894,24407,25045,22245,20947,20680,17232,16884,34567,6751,6705,6695,7167,8030,8735,10294,11867,12033,12499,10870,10287,10244,8268,7908,13527,297026,31335,90890,89206,60143,23388,2064,143766,14096,45737,48882,25385,9008,658,134228,119391,10481,78950,72059,4951,139385,52779,34432,19132,8861,15543,8531,86351,56779,70278,34720,23714,10680,10066,11824,1824,4880,5154,646,17410,2392,1611,2284,15,2,23712,131097,40168,294,12990798,19522,100209,14405,134144,311127,44522,36024,27256,20685,4348,1309,8309,85528,82267,75053,7214,48044,14323,12686,15490,7299,8903,9958,11877,9125,6654,3315,2432,11086,36658,21636,5673,35961,18411,12058,6049,1922,652,187287
Chieti,387956,188479,199477,149827,192278,6576,32790,6485,80546,96752,3083,5476,2622,16263,16332,17097,18339,20253,22672,24945,28397,30061,29397,26534,25073,26138,19654,20637,46164,8308,8467,8805,9480,10333,11639,12704,14204,14748,14409,12696,12086,12839,9582,9874,18305,368397,42191,114618,96158,76053,34059,5318,178444,18538,59209,52231,34173,12978,1315,164419,146609,12847,95607,87671,5903,173845,67292,37241,27744,13013,17361,9397,104397,72977,91499,44331,15952,7103,6964,7593,1395,3456,3116,531,12865,1360,763,937,23,4,15948,152182,65481,225,16180528,18611,118906,17062,154605,386531,43945,40727,31298,28945,7457,2233,14173,126501,117034,104327,12707,71060,25129,8138,13248,13762,18558,18771,17987,10697,5755,3045,2504,11018,49787,33000,10522,59741,23239,13053,5165,2057,1072,232713
L'Aquila,298343,145340,153003,119913,141319,5712,25897,5502,64056,71776,2741,4583,2184,12063,11840,12475,13931,16029,17989,19642,21465,22228,23407,21900,20442,19919,14388,15141,35484,6215,6132,6403,7132,8244,9069,10182,10746,11153,11617,10821,10249,9818,7057,7037,13465,283976,37555,93999,74778,55198,20369,2077,137942,16103,48690,41023,23063,8353,710,129102,115437,9527,74960,68523,4617,132863,51630,26978,22403,10330,15219,8603,88695,44703,68263,32229,18765,8812,8400,9091,1274,4237,4137,438,13985,2896,884,980,20,0,18765,119555,95020,1040,11885161,14982,88820,19107,122918,297062,39711,29644,24470,22733,4951,1409,8966,151152,129689,112101,17588,73290,28118,10693,27673,19789,14634,13003,13986,9898,5630,3357,4131,17484,54413,32408,7796,70171,22161,11936,4968,1861,1004,235255
Pescara,314661,151154,163507,125681,149997,7193,25154,6636,66426,74972,3196,4072,2488,14294,14313,14477,15320,16313,17329,19675,23951,25493,25478,21607,19286,19562,15985,16598,34980,7367,7344,7547,7900,8331,8646,9647,11788,12438,12562,10403,9143,9177,7561,7665,13635,297524,41000,97217,77129,54037,25165,2976,142305,17949,48579,41244,23584,10035,914,135005,119547,11572,77145,69896,5510,136572,51751,32004,22110,10318,15871,8432,83130,63670,66587,32464,13677,5776,5350,6992,1335,2576,2770,430,9773,1686,846,1358,9,5,13672,123179,31640,230,12752905,18368,93317,13625,125407,313796,36150,33085,25354,22352,6002,2464,15996,71965,68018,60830,7188,34709,19856,6265,7527,6407,9635,10873,10307,6447,4277,2787,2570,7500,30852,15935,6543,30338,14568,8727,4166,1795,1236,167731
Teramo,306349,149424,156925,123469,147479,5766,24315,5320,66372,74191,2691,4014,2156,13183,13519,13844,15245,16870,18266,19875,22575,24866,24481,21364,19097,18577,15273,15945,33369,6789,6932,7154,7786,8653,9254,10045,11268,12337,12061,10487,9414,9034,7433,7581,13196,290474,30618,87622,84977,57431,26211,3615,141250,13388,44574,46175,25476,10507,1130,134700,119903,11595,77523,70918,5246,131103,51026,24934,21940,10082,15223,8183,84722,59482,69006,32295,19697,9019,8687,9192,1818,4333,4000,686,13584,2458,982,2666,7,0,19697,118846,59064,191,12493143,13606,92183,15314,121119,305946,35389,30416,24176,22088,6547,2503,16110,84649,78898,71235,7663,40862,21278,9095,9117,6629,9487,13078,14042,9033,5327,2547,1975,8811,36793,19227,6404,33054,18536,10878,5430,2171,1166,193512
Campobasso,226419,110207,116212,89814,110740,3424,19684,2757,48073,55896,1552,3544,1142,8732,9573,10475,11612,12437,13300,14264,16039,17046,17492,16037,14852,14713,10545,12013,27289,4498,5013,5385,5953,6394,6698,7211,8108,8467,8722,7839,7365,7275,5117,5530,10632,215834,25304,63288,60027,43147,20555,3513,104748,10838,32740,32421,19428,8263,1058,92763,79580,8864,54845,48417,4549,104876,40466,21728,17623,8175,12323,7195,64440,33277,53202,24797,5790,2404,2590,2774,426,1184,1076,144,4062,930,341,448,9,0,5790,90258,52488,165,9420022,10052,71494,10635,92181,225712,28615,23428,17386,17124,4538,1090,6897,87850,80598,73035,7563,50409,16109,6517,19580,13716,9356,8467,8652,5924,4006,1768,1566,9851,32772,23829,6583,48130,13002,6895,2728,1334,946,156369
Isernia,87241,42587,44654,34623,42296,1236,7948,1138,18599,21427,588,1484,489,3265,3327,3611,4271,4991,5406,5648,6114,6376,6593,6310,6016,5736,3965,4449,11163,1695,1704,1882,2152,2548,2788,2907,3108,3124,3271,3181,3026,2877,1975,2021,4328,83305,10230,25575,21544,17570,7145,1241,40552,4488,13313,11673,7849,2796,433,36005,31325,3114,21192,18904,1599,41033,16114,7437,7187,3240,5400,3072,21116,15049,21009,9663,2233,949,926,1101,206,484,398,67,1503,411,101,215,3,0,2233,35153,21393,64,3785323,3925,27251,4780,35956,86818,11840,8823,6639,6488,1697,469,2978,42768,38408,34279,4129,26092,6668,1519,8885,7632,4864,3252,3407,3055,1933,769,482,3500,16141,11799,2839,22665,6504,3221,1261,445,183,63548
Avellino,429157,209491,219666,177979,207230,5490,33853,4605,94224,104493,2566,6437,1771,18037,19582,21259,24180,26786,27220,27662,30556,32993,34067,30255,26250,24973,19451,20095,45791,9210,10075,10853,12419,13767,13831,13918,15125,16196,17024,14906,13079,12371,9581,9287,17849,407427,43608,126338,115427,73095,38706,10253,198389,19909,65540,62694,32037,15617,2592,169290,141179,16097,102431,88474,8533,200989,76922,46442,35974,16455,28939,17401,99626,85808,89634,42096,9374,3448,3447,4966,961,1632,1551,265,6822,1305,437,800,10,0,9374,161330,56790,581,17144488,24018,115886,25781,165689,428008,46961,39525,31842,34061,10520,2780,17627,148393,137624,125943,11681,68339,45692,11912,9244,8965,9435,18772,19700,39109,13520,4553,2645,19969,72103,26884,6987,78896,28648,11636,4236,1715,812,239945
Benevento,284900,138308,146592,117358,137440,3677,23518,2907,61818,69255,1668,4500,1067,11760,12838,14140,16043,17722,17441,17809,19810,21513,22375,19548,17132,17093,13007,14294,32375,6002,6650,7148,8303,9138,8852,8780,9878,10498,11106,9617,8497,8491,6269,6601,12478,270703,29215,81053,76638,51755,25147,6895,131026,13199,42122,41175,22692,10103,1735,111254,94321,9765,65457,57035,5108,134908,53051,26496,23562,10811,19571,11953,73481,46041,65279,29708,5650,2105,2103,3041,506,954,1028,123,4140,881,242,374,13,0,5650,108431,35179,155,11835363,15037,77615,19402,112061,284351,33673,27088,20228,22096,7054,1922,12164,98909,91121,83015,8106,61865,14615,6535,12149,8105,9927,15302,13780,12654,6750,2741,1607,11495,50179,17266,4075,50007,18893,9407,3219,1000,489,161457
Caserta,904921,441070,463851,397738,429519,10864,58051,8749,206536,215914,4745,10961,2914,47678,51144,52961,57088,60118,60650,63572,69725,71363,70737,59445,52186,49980,39386,35766,63122,24454,26232,27177,29283,30504,30187,31504,34260,35153,34595,29059,25433,24254,18852,16150,23973,847417,77613,238185,275783,155641,80507,19688,411546,34969,121880,149393,64642,34457,6205,335539,260643,37603,208386,169370,21989,417599,154821,128387,71668,32852,73947,48830,205855,175837,143597,69940,28819,13354,10339,16471,2009,5396,7319,639,18006,7444,712,2638,17,2,28817,319176,88723,627,32230640,63368,210603,51914,325887,902668,79300,70940,65713,75469,26980,7485,47573,210553,198304,183983,14321,105762,53461,24760,21854,15980,21014,34252,38833,27906,13800,6129,4215,32914,108904,31918,10247,89277,48602,29137,11263,3738,1966,443944
Napoli,3054956,1475144,1579812,1371131,1399146,61127,188604,34948,704180,697749,26320,35676,11219,162939,176065,184255,196366,203882,198460,203488,230966,234100,235816,204645,183010,174652,142487,118555,205270,83580,90604,94855,100051,103646,99073,99217,112262,112514,113162,97509,87864,84171,67333,52889,76414,2857847,277692,782642,918755,574895,255783,48080,1373917,126845,390550,500987,228690,110338,16507,1120748,827175,126539,693391,539860,74774,1410949,512714,506858,228194,107057,259861,173052,818978,455007,416036,217334,70459,28321,23523,40550,6386,11371,15357,1593,37015,9304,4767,19324,42,7,70452,1041100,129435,4136,93260208,330505,596642,126031,1053267,3047966,224115,228908,220847,248030,94608,36759,238334,344003,330226,292920,37306,137205,126991,28724,30436,26867,41709,53748,58369,50788,20024,6570,4409,56307,131323,63630,41660,92324,72285,63022,36835,14859,13595,1265963
Salerno,1092876,531769,561107,467450,514615,18391,78607,13813,245297,258775,8146,14739,4812,49557,53298,56982,62974,69098,70082,71135,79681,83866,85399,77751,67804,64817,48846,49520,102066,25348,27276,29676,32326,35270,35448,35778,39422,40944,41273,37917,33215,31609,23570,22727,39970,1033122,111988,304565,313232,187709,92600,23028,501152,51039,152871,170173,80712,39159,7198,428852,350962,46656,259364,220135,24887,504187,190105,131111,87666,40120,77956,48879,294478,178546,207454,98147,33817,14527,12600,18439,2778,6227,7436,864,22561,6928,1194,3109,24,1,33816,396119,108201,1711,39135016,70564,275476,57465,403522,1090571,102389,93824,80913,87483,29485,9428,60438,251335,233060,206447,26613,91806,84359,30282,30840,21561,25094,28927,35396,36080,16532,7288,4729,38440,103602,45410,18995,100343,51543,31163,14131,5407,3860,556546
Bari,1247303,607155,640148,516003,615881,20815,78223,16381,268293,308874,8997,14982,6009,56729,60820,64895,69655,74705,76170,83332,95025,97024,98410,86674,77824,77270,62204,56372,110194,28975,31218,33439,35853,38492,38340,41455,46800,47666,47844,41877,37534,37293,29799,26231,44339,1178867,126237,333887,346491,248476,106486,17290,572092,57089,170038,188060,105297,44800,6808,502793,422852,50478,309876,271108,26298,562066,203647,185389,91166,42473,66490,40085,403521,165455,219021,117901,28756,13252,12610,13767,2379,6328,5967,957,17703,4711,1088,5246,4,4,28752,460267,92680,1333,45291273,92807,332639,40100,465572,1243778,109395,116704,100678,104131,27918,6746,42827,206143,198112,179776,18336,81306,79931,18539,31412,23423,22740,27664,31012,21818,11875,5432,4400,46829,65528,41827,25592,87361,37895,25155,15805,8086,5474,583129
Barletta-Andria-Trani,391723,193354,198369,166387,194905,4691,22446,3294,87911,97731,2003,4456,1253,19527,21537,23101,23738,24849,24281,26976,30391,31791,30682,25781,22378,22355,18205,16372,29759,10068,11109,11806,12284,12899,12261,13522,15113,15852,15109,12676,10891,10913,8896,7759,12196,368064,27123,88185,119110,86868,39038,7740,181173,12474,44085,67135,37919,16368,3192,148624,119976,17565,98426,83292,10193,178934,61945,68804,28175,13116,23574,14947,139670,31762,58381,33071,7551,3377,3169,3886,496,1526,1678,173,5338,1502,226,481,3,1,7550,137153,35063,315,12897855,28723,96628,12924,138318,389973,27815,33402,29058,34864,10993,2186,13759,63736,61656,57155,4501,25356,27678,4121,8282,5978,7213,10002,10141,8156,4359,1855,1169,17994,20579,10709,7873,27427,11954,8504,4709,2525,2036,194523
Brindisi,400801,192599,208202,168178,192203,7056,28204,5160,85943,96593,3156,4916,1991,17374,18438,19978,22150,24452,24593,26442,29423,30084,30512,27303,24790,25917,21044,19872,38429,8997,9487,10210,11395,12407,12202,13259,14460,14657,14859,13055,11738,12222,9739,9097,14815,379881,30743,99708,120321,79793,38532,10784,181751,13444,49962,64955,34893,15335,3162,160997,131729,19234,95365,81181,9761,184014,68540,43345,27655,12563,26223,15216,122337,44127,86791,39946,7042,3083,2764,3291,987,1354,1266,463,5109,985,329,610,7,2,7040,152798,77107,377,15821213,21387,116484,16785,154658,400090,40250,39738,32018,31844,8692,2116,13474,152734,143834,131768,12066,71425,41258,19085,11245,12443,17392,25449,30281,20636,8815,3424,2083,74490,45542,7853,3883,87847,26226,11533,3419,1723,1020,247259
Foggia,626072,305162,320910,267853,300317,8315,43101,6486,140195,150751,3607,8274,2335,29461,32517,35182,37125,39627,38571,40955,44793,46863,47115,41049,37596,37385,29875,29082,58876,15140,16650,18131,19257,20329,19383,20520,22317,23104,23100,19950,18267,18127,14307,13223,23357,590405,53888,153401,180870,130719,60032,11495,286873,24563,77484,98710,56999,25224,3893,230949,187873,25836,146926,124470,14813,297963,108315,93984,48276,22388,42173,26138,214014,47177,113530,58486,17223,7783,7471,8699,1053,3567,3832,384,13721,2196,319,973,14,0,17223,233319,92218,649,21573424,38155,171778,25668,235616,624444,60608,58942,45622,49236,16646,4562,28912,140213,134664,121666,12998,80709,31646,9311,20541,16064,20076,19486,19440,14203,6518,3296,2042,34342,48258,28302,10764,60608,27255,17772,8974,4086,2971,356784
Lecce,802018,382317,419701,334226,386757,13110,58323,9602,168707,193896,5754,10271,3689,33755,36845,39090,43006,46039,47041,53098,58348,59934,60553,53033,49970,52585,43366,41866,83489,17447,18830,20165,21987,23417,23517,26059,28596,28952,28990,24948,23583,24812,20389,18794,31831,761310,76715,204261,223246,161734,78834,16520,361336,34282,102401,119426,69145,30707,5375,304351,253330,35112,181276,156713,17481,387977,144599,86725,60348,27409,56472,31702,199193,125937,184432,83475,14336,6247,5866,6979,1491,2825,2811,611,8402,2757,673,2495,6,3,14333,311428,144711,594,35865542,31171,249614,34276,315074,800714,87415,80299,63237,63024,17057,4042,25609,368994,348483,316282,32201,213506,54851,47925,20369,26577,43975,58637,71002,52245,25010,11580,6887,182743,117224,12654,3661,230554,56649,19467,5933,2535,1144,502548
Taranto,584649,283156,301493,242544,282986,11364,39407,8348,126009,142034,4927,7159,3027,26532,28261,29269,32093,34484,35672,39705,44102,43220,43264,39988,36967,38234,31067,28945,52846,13629,14285,15004,16516,17548,18033,19901,21932,21030,20763,19167,17654,18583,14823,13321,20967,552615,47658,148016,178891,116368,51116,10566,266730,21249,75332,98195,48664,19833,3457,221835,181582,24752,135222,115744,12641,278752,105016,86139,40615,18630,35976,21641,179084,64074,116022,63059,7772,3214,3128,3879,765,1511,1423,280,5580,839,320,1030,3,0,7772,222136,78662,498,23033540,34295,169326,20592,224230,583844,55510,59047,47833,46592,12243,3005,19158,163202,153472,140651,12821,67679,49610,23362,11734,9468,15376,20710,38490,26846,10879,4443,2705,71494,48552,12644,7961,84985,29745,14489,5910,3216,2306,333133
Matera,200101,98103,101998,82804,97671,2633,14817,2176,44108,49290,1176,2665,864,8323,9366,9939,10785,12187,12397,13282,14622,14722,15115,13880,12988,12759,9208,9985,20543,4290,4822,5201,5529,6296,6312,6719,7429,7256,7426,6657,6346,6221,4449,4512,8638,189974,20114,58007,52782,35697,19144,4230,92861,9106,29243,28998,15999,7995,1520,82856,68265,9866,49694,42523,5138,89617,34096,23181,16171,7393,10362,5990,66564,18747,39903,20268,5969,2703,2624,2914,431,1333,1203,167,4066,959,184,759,1,0,5969,78358,28735,217,7351507,11198,57770,10332,79305,199776,23010,19871,15258,15741,4514,911,5716,52241,49624,44854,4770,28019,10813,6022,6572,4555,9256,7268,6942,5225,2603,1203,1230,12420,16434,9642,6358,22231,10501,6886,3229,1451,556,115407
Potenza,377935,184676,193259,154772,184114,4429,30886,3734,82664,92833,2033,5692,1454,14933,16319,17928,20242,22596,23406,23450,26736,29128,29864,26991,24652,23054,16158,19117,43361,7745,8404,9358,10443,11516,11986,11943,13330,14421,14838,13259,12255,11349,7641,8853,17335,359927,36366,106870,98220,71022,36629,10820,175365,16027,54274,54101,32310,15322,3331,155478,129442,16263,92733,79885,8753,173277,66436,35173,31601,14332,20836,12222,110467,50542,85667,39214,6959,2792,2885,3536,538,1375,1270,147,5037,1026,273,619,4,0,6959,148986,66165,540,13923725,16374,112854,21648,150877,376644,45156,37599,28396,29700,8321,1705,10697,135013,126318,115181,11137,71567,30340,13274,20085,14639,16160,15328,14214,18891,9109,4161,2594,26887,54124,25167,9003,66380,25894,14263,5928,1845,871,246018
Catanzaro,359841,174430,185411,150675,172436,5187,26871,4672,78864,86858,2326,4606,1776,15407,16328,17979,20108,23072,23535,23799,25074,26835,27694,25584,23380,22389,16835,16245,35577,7909,8411,9058,10206,11792,11790,11854,12377,12882,13238,12516,11710,10966,8228,7571,13922,341239,39272,102167,91724,64767,32144,11165,164845,17242,51164,50091,29234,13635,3479,142202,116057,15593,84075,70593,8543,167925,64977,39824,29842,13700,27008,16821,107041,45787,71251,33607,11534,5254,4933,5637,964,2502,2319,433,6321,3691,292,1191,39,0,11534,140877,79025,371,14168748,20184,101133,21433,142757,358793,42336,35242,27346,27855,8067,1911,12180,129962,119778,108903,10875,55544,42458,10901,15867,17209,15092,14539,17853,15035,7272,3237,2799,23569,49072,26139,10123,62839,23340,13872,5786,2011,1055,242169
Cosenza,714030,348437,365593,297939,342629,10276,53421,9765,157372,172632,4688,10007,3738,30177,32001,33376,38351,44414,46189,48216,51525,53882,54954,51088,46451,44848,32739,34234,71585,15521,16548,17097,19852,22516,23330,24023,25523,26183,26798,24993,22701,21945,16019,16197,29191,677616,76012,202046,179074,128354,68740,23390,329687,33398,101903,98983,58742,29093,7568,283943,228723,33156,167704,139610,17922,334533,131567,76314,57348,26113,58207,35156,190658,104709,142664,68510,22375,9489,9357,11331,1687,4429,4454,606,16480,3086,704,2090,12,3,22372,283897,199027,473,29485684,35153,207853,46867,289876,712056,89868,71589,56811,53830,14459,3319,20962,246766,228602,209145,19457,136531,56367,16247,35265,27491,28244,30211,36544,26212,13969,6659,4550,43649,92046,51393,22057,106452,48670,31482,14676,4934,2931,534116
Crotone,170803,83481,87322,74281,81354,1710,11660,1798,38838,41044,739,2153,707,8721,9244,9450,10597,11788,11441,11514,12131,12465,12395,11218,10192,9939,7669,7597,14442,4537,4721,4788,5402,5958,5688,5728,5963,6024,6065,5627,5000,4793,3655,3465,6067,160243,14256,42099,46489,32676,19288,5435,78058,6408,20993,25127,14887,8665,1978,62692,49592,7102,38498,30969,4501,80696,30937,22899,13865,6336,14246,9104,55555,12230,29686,15047,5872,2701,2561,2929,382,1259,1292,150,4208,1016,102,542,1,3,5869,63669,55758,99,6483976,7489,46777,10002,64270,170302,17495,15260,12249,12894,4843,1529,9749,70280,65185,56997,8188,18146,29970,8881,3970,4667,8722,9769,12241,9577,4802,1978,1271,11344,24343,14826,6484,28834,13662,9450,3596,885,570,134738
Reggio di Calabria,550967,267297,283670,237482,257124,7319,42722,6320,125308,129309,3194,7261,2225,26034,26690,28823,32378,36213,36208,36943,38896,39711,40072,36968,33219,33165,25770,25094,54783,13394,13817,14712,16545,18461,18316,18357,18965,19219,19293,17861,16262,16249,12529,11763,21554,519626,57664,156310,146990,96139,47514,15009,251144,25210,79421,79246,41849,20683,4735,212279,169241,24030,121887,99460,13265,257141,103487,52019,44853,20521,47484,29215,171691,58743,112785,52428,21014,9707,8448,10993,1573,4252,4882,573,11226,4678,412,4658,39,1,21013,210164,107127,453,21200877,35590,139920,37647,213157,549371,61467,51984,40458,39795,14927,4526,28747,222633,195875,172559,23316,73429,74258,24872,11772,25140,32003,32592,31614,22653,9683,4299,2803,44430,74104,37685,16340,102148,35411,21994,8400,3654,952,361814
Vibo Valentia,163409,80527,82882,70604,77324,1705,12230,1546,37764,38994,750,2420,599,7399,8107,8626,9811,10725,10863,10494,11483,11666,12149,10963,10027,9795,7316,7530,16455,3722,4196,4588,5083,5491,5470,5273,5711,5682,5960,5359,5066,4941,3672,3603,6710,154407,15015,43633,45508,29470,14973,5808,75994,6710,21962,25253,13594,6706,1769,61965,50888,6559,36380,30410,3676,77312,31641,15477,13765,6243,14426,9293,42746,23173,33644,15677,5014,2094,2038,2577,399,949,994,151,3522,1010,131,340,11,0,5014,62300,41799,140,6165225,7402,45014,10501,62917,162762,18480,15182,11070,12046,4770,1369,8674,80881,71284,62243,9041,34770,21933,5540,7543,12128,10311,7918,8537,7543,4558,2411,1294,15792,31991,11208,3252,39361,12166,6565,3023,849,279,120821
Agrigento,446837,216140,230697,184857,219881,4028,34095,3976,96803,110557,1824,5396,1560,20401,22622,24577,26302,28240,27201,28532,31421,34006,32549,29603,26492,26628,21099,22043,45121,10516,11560,12592,13520,14507,13613,14306,15390,16448,15836,14248,12617,12629,9957,10024,18377,422105,35040,112415,126892,87449,49297,11012,203379,16327,55594,67749,38193,20393,5123,156228,123025,16252,99918,82238,10195,223009,81554,68159,34540,15968,32669,20530,134654,38838,87641,43813,9204,4314,4136,4386,682,2046,1951,317,5468,2808,193,731,4,0,9204,171016,121385,323,17416342,17843,126289,28546,172678,445529,47432,43443,32601,35957,10712,2533,16020,195273,177994,164333,13661,92452,53280,18601,10386,17792,23701,29975,37340,26310,12047,4663,2119,33693,61385,46879,22376,94633,38954,20848,6680,2277,941,330167
Caltanissetta,273099,131650,141449,115202,131491,3305,20248,2853,59655,66100,1490,3354,1051,12793,14533,15354,17170,17897,16984,17156,19115,20087,20405,18301,16024,16132,12741,13051,25356,6578,7527,7855,8815,9095,8464,8510,9356,9717,9712,8716,7562,7589,5947,5906,10301,257465,20385,64481,82134,56021,27862,6582,123584,9329,32264,42774,24566,11749,2902,96835,75884,10709,62226,51215,6673,133584,47464,46443,21791,10119,16629,10732,88916,19545,48721,25954,5060,2299,2316,2445,299,1151,1018,130,2939,1613,119,383,6,0,5060,104528,62696,134,10255258,10541,78598,16226,105365,272410,29179,26162,19951,21500,6937,1636,10369,110434,102543,92436,10107,61925,23527,6984,6719,11613,16817,17443,16471,11621,6526,3428,1798,19864,31149,27612,13811,57227,18019,11182,4016,1336,656,185709
Catania,1078766,520659,558107,467037,499830,21949,72778,17172,241468,250783,9425,12882,6101,53398,56684,58185,64824,69987,68843,71935,79492,81374,80697,74148,67270,63712,48756,46550,92911,27402,29254,29778,33129,35554,34525,35399,38813,39213,38885,35279,32102,30430,22872,21050,36974,1014394,99118,284786,324523,189545,96961,19461,487540,44486,138665,169919,82497,42936,9037,420829,320107,53849,258127,205270,32273,489670,176098,170280,77462,35366,70925,46560,285072,170229,171003,89577,20908,9282,8446,10982,1480,4093,4623,566,10718,4311,901,4951,23,4,20904,412497,130869,1133,40146110,65975,292236,59531,417745,1075422,115559,102832,84940,82850,24406,7158,45949,277637,258487,228837,29650,86153,113836,28848,14738,28528,39228,40138,45607,30628,16426,8110,5434,63345,88858,53724,22910,117958,53257,33014,15002,6188,3418,590524
Enna,173451,83402,90049,72316,83449,1993,13833,1860,37441,41941,917,2355,748,7618,8190,9246,10297,10862,10823,10606,11812,12785,12732,11848,10799,10815,7680,9026,18312,3907,4209,4734,5299,5440,5433,5254,5776,6234,6267,5587,5104,5115,3533,4077,7433,164236,13596,41089,54276,32987,17521,4767,78651,6157,19923,28932,14104,7345,2190,62732,50137,6652,39619,32878,4160,85665,30933,26644,13802,6248,11436,7161,53429,16834,33783,17071,2512,933,1050,1248,214,458,416,59,1735,480,58,236,3,0,2512,69541,38516,91,6618959,5910,52656,11711,70280,173035,21747,17823,12748,13415,3767,780,4903,81412,75483,68060,7423,48251,13081,6728,8572,11464,13339,11360,9959,7077,3632,1658,999,14034,25069,20785,8172,47774,11251,5945,2142,649,299,118087
Messina,649824,312626,337198,273599,300721,12815,52130,10559,142064,151179,5913,9380,4090,27378,28412,29971,34480,39460,39673,41452,46817,48763,49702,46344,42072,41545,32296,31530,69929,13910,14630,15455,17761,20138,20035,20629,23003,23640,23845,22188,20526,20263,15323,14350,26930,616861,69941,185220,185863,118081,49343,8413,295795,30590,92663,98366,50024,20788,3364,263214,209976,30508,152771,125850,16829,300849,115860,71704,47096,21774,46166,26768,204169,68764,135883,65638,24126,11214,9248,12402,2476,4641,5445,1128,10859,4294,641,8204,127,1,24125,271533,133118,1402,24700644,38738,193784,43673,276246,647801,95981,68099,52111,45277,11639,3139,19986,246375,215778,190912,24866,96373,75102,19437,21142,34558,33158,32718,29105,20184,11150,5082,3815,42657,80412,46887,20956,107615,39252,25374,12212,4146,2313,451109
Palermo,1243585,599323,644262,532517,588766,21215,84366,16721,273442,296120,9069,14803,5889,61111,64035,65988,73638,79166,77548,82187,90363,93309,93140,84163,77261,75877,59906,55752,110141,31133,32845,33957,37770,40626,38901,40409,44340,45354,44704,40157,36881,36050,28138,24997,43061,1169933,115327,306813,371522,242768,110743,22760,561735,52712,151430,195206,103663,47967,10757,469443,355062,54678,287608,227266,32980,583008,213780,197323,87795,41624,91730,60272,412349,104189,206160,105946,26807,12922,10828,14177,1802,5424,6774,724,7544,7736,1020,10492,15,0,26807,468328,198383,1097,47444021,102025,305609,64985,472654,1238360,123069,118577,96449,96551,29146,8862,56856,336373,313961,278539,35422,111630,141857,25052,20675,33370,42523,48688,55078,42067,20900,9961,5277,60801,97525,73632,46581,164173,55648,33863,13652,5902,5301,712179
Ragusa,307492,150557,156935,126443,150687,4560,21468,4334,66937,76377,2001,3626,1616,15060,15557,16326,17812,19086,19649,20803,23129,23333,22495,20424,18220,18220,14038,14682,28658,7727,8038,8412,9267,9825,9911,10502,11678,11595,11160,9928,8702,8599,6706,6678,11829,289379,25328,73018,96136,61210,28928,4759,141241,12035,35107,51640,27875,12438,2146,124787,105976,12069,76969,67719,6518,135762,49411,41957,21531,9910,17340,10746,116562,21900,54934,28009,16581,9283,7753,8007,821,4134,4743,406,8147,7427,279,718,3,7,16574,118559,84829,274,12284051,14236,89411,16206,119854,306518,33288,30276,23516,24180,6773,1821,11545,142590,134456,121813,12643,62938,42748,16127,6658,13290,17746,22201,26199,18384,9657,4477,3201,47446,46774,20575,7018,75348,28282,12401,3777,1406,599,226142
Siracusa,399933,196047,203886,165637,190879,8365,28809,6243,88335,96243,3723,5353,2393,18557,19531,19840,22089,24326,25236,27130,30545,30553,30038,27225,24507,25600,20726,19073,34957,9626,10104,10107,11295,12517,12806,13616,15279,15161,14893,13201,11839,12431,9927,8877,14368,377555,34123,112727,114663,74000,35251,6791,184426,15871,56876,60588,32407,15534,3150,150117,120882,16666,94943,79856,9781,191888,71267,64891,28409,13153,27517,17493,121333,40982,71071,39225,9454,4459,3825,4912,717,1946,2227,286,4948,2646,373,1480,7,0,9454,154935,61832,478,15624159,19717,116018,21304,157111,398822,43204,40373,32987,30457,7658,2432,15793,140377,133134,121488,11646,59498,45097,16893,4957,9810,17402,25024,26821,23519,8461,3450,2044,44910,49721,19971,6886,79273,25067,10837,3419,1677,1215,239048
Trapani,429917,208353,221564,174242,211078,6237,33001,5359,91748,106315,2823,5450,2017,18626,20908,22483,24775,25477,25350,26823,30867,32522,31620,28284,26300,27016,22829,22003,44034,9498,10769,11591,12675,12807,12802,13412,15336,15866,15300,13690,12793,13060,10876,10201,17677,407332,34223,108303,126156,87234,43723,7693,196805,15799,53350,67618,38258,18169,3611,158074,127023,18478,98317,82108,11016,209826,78178,63706,31829,14720,30378,19056,132789,37181,83913,42978,10363,5093,4676,4887,800,2324,2325,444,4563,4749,261,785,4,1,10362,169535,93125,419,18048144,21625,123830,26188,171644,428772,49695,44446,33171,33755,8509,2068,13107,195972,182771,165001,17770,78810,69272,16919,4713,11121,19504,32411,41641,31044,14930,6417,3220,73425,59518,22559,9499,106250,33530,17033,5412,1853,923,306594
Cagliari,550580,267460,283120,245256,245593,12735,35760,11236,127613,123412,5781,6077,4577,22411,22693,22751,24716,28338,32151,37981,46404,46929,46588,41601,38023,35410,29896,26847,47841,11557,11837,11770,12840,14659,16211,19154,23299,23076,22768,20083,18175,16832,14111,12451,18637,523631,63718,144893,177564,90337,40314,6805,253556,26933,69136,96045,41812,17001,2629,251284,203899,34209,143058,118002,18837,231441,89238,64689,35458,16744,33117,18381,137884,116368,98177,52689,10229,4491,3634,5418,1177,1771,2248,472,4342,2293,516,3068,9,1,10228,220869,48393,640,22844442,29089,175443,21303,225929,548368,69760,56880,49173,37768,9281,3067,19852,148232,141407,131587,9820,72890,32994,25703,6180,7574,16170,19563,28349,24161,15579,8204,5807,37422,66934,20659,6572,82851,26101,12400,5672,2745,1818,291032
Carbonia-Iglesias,128540,62872,65668,54947,58577,2705,10051,2260,29457,29505,1271,1636,1003,4344,4480,4887,5823,7020,7685,8420,9615,9270,10205,10225,10318,9888,7251,6323,12786,2252,2336,2583,3010,3574,3972,4333,4895,4544,4950,5028,5081,4994,3540,2818,4962,123346,8533,32854,43084,26022,10760,2093,60193,3411,16469,22845,12583,4160,725,53200,41791,8118,31960,26027,4463,61629,23741,19592,8229,3801,9105,5025,33154,17269,24703,14638,1254,465,449,638,167,216,182,67,653,301,72,221,2,5,1249,52010,18937,145,5258902,8327,39559,4825,52735,128255,15431,13747,12056,9062,1910,529,3364,46593,44566,41479,3087,27098,4905,9476,2107,6085,6522,5894,6604,6440,3985,2255,1587,12968,21302,6057,1152,26751,8570,4099,1381,468,210,76169
Medio Campidano,101256,50039,51217,44412,46328,1584,7781,1151,24140,23337,806,1220,536,3709,3801,4179,4693,5566,6231,6853,7577,7882,8101,7370,7085,6775,5670,5349,10415,1878,2006,2165,2415,2777,3211,3566,3846,4046,4097,3723,3532,3434,2792,2484,4067,96803,5689,22031,37181,20825,9404,1673,47772,2114,10554,20706,10110,3676,612,42076,33317,6589,25614,20988,3675,47491,18376,12676,6190,2763,6528,3838,23408,16780,22097,11555,825,336,299,437,89,149,151,36,468,172,45,138,1,1,824,38938,9981,64,4575259,3416,32838,3131,39401,100915,10495,9847,8722,7835,1968,534,3380,46982,44038,40045,3993,27188,4982,7875,2143,4027,6527,6770,6984,6032,4285,1854,1423,7587,25438,6598,422,33402,4998,1218,256,130,41,52368
Nuoro,159197,78154,81043,74898,67875,2486,12001,1937,40032,34290,1122,1844,866,6416,6860,7277,8162,8894,9288,10222,11388,12139,12644,11653,10848,10127,8750,8112,16417,3345,3552,3741,4215,4562,4719,5325,5856,6180,6374,5825,5422,5046,4113,3636,6243,151429,13248,35982,54311,32759,13451,1678,74086,5088,16263,30557,15751,5707,720,67073,55409,8741,39010,32844,4788,71571,28506,13783,11654,5139,9892,6055,50344,15522,36242,16994,2626,1189,975,1362,289,471,568,150,1458,834,86,245,3,0,2626,64054,25538,111,7118961,6798,50124,8343,65268,158576,21829,15183,12490,11188,3637,941,5974,67209,60494,54138,6356,40827,7952,5359,3565,5166,8936,9464,10075,8295,4894,2280,1463,8728,22818,18454,4138,33567,12120,6029,1628,595,199,98881
Ogliastra,57329,28300,29029,27160,24615,698,4255,601,14585,12434,339,654,288,2356,2365,2573,2828,3263,3373,3781,4232,4475,4591,4165,3844,3428,3118,2923,6014,1236,1229,1360,1473,1671,1742,1954,2167,2292,2313,2092,1935,1672,1452,1266,2446,54508,4450,12069,20512,11013,5750,714,26822,1759,5635,11598,5351,2200,279,23961,19637,3396,14122,11720,1914,26074,10353,4696,4357,1916,3380,2099,16507,6920,13641,6227,700,254,232,360,108,89,116,49,399,174,49,77,1,0,700,24305,14668,47,2492504,1662,19378,3592,24633,57232,9267,5512,4344,4019,1195,296,1858,29271,26443,24090,2353,13344,4416,6330,1214,1878,3437,3948,4181,3626,3102,1561,1143,3999,9258,7464,3369,14406,5742,2935,845,140,22,42431
Olbia-Tempio,150501,74387,76114,67225,66825,3684,9461,3306,35734,33662,1767,1780,1444,7120,6743,6450,6743,7626,9019,10910,13076,12973,12522,10953,9803,9504,7916,7169,11974,3685,3442,3301,3513,3919,4486,5392,6590,6504,6226,5433,4933,4718,3882,3386,4977,142020,11558,39780,49979,27999,11439,1265,69997,4921,18928,26987,13749,4920,492,69395,57561,9789,40724,34521,5196,60793,23235,16898,8442,3877,8919,4993,54726,12073,26534,13965,7602,3359,3024,3912,666,1411,1649,299,5202,1384,469,534,6,7,7595,63616,71802,182,6204720,9893,46456,8600,64952,150064,23058,15552,13364,9977,2357,644,4117,73206,69840,62119,7721,47673,5215,9231,2688,3922,5408,7960,12677,11624,8333,4977,4530,24551,27559,8200,1809,35090,13832,7508,3859,1180,650,143621
Oristano,163916,80482,83434,73203,72622,3033,12615,2443,39223,36546,1433,2232,1048,5731,6088,6774,7545,8715,9732,10499,11751,12360,12951,12066,11409,11040,9614,9038,18603,2986,3168,3509,3981,4486,5023,5348,5978,6212,6371,5994,5707,5537,4653,4223,7306,157013,12271,37045,56600,35970,13130,1997,76876,4921,17001,31617,17129,5355,853,68445,56131,9235,40376,33932,5012,76878,30443,17348,11023,5062,10327,5753,40499,25853,38180,19320,2009,730,758,1011,240,335,299,96,1132,428,139,308,2,0,2009,65016,26556,96,7711610,5939,54476,5287,65711,163061,19788,16090,13557,12132,3310,834,5344,84120,77940,69551,8389,57518,5554,6479,6668,7044,11236,11073,11852,9780,6448,3196,2254,18228,39001,10916,1406,55321,9822,2946,962,359,141,98544
Sassari,328043,159547,168496,145479,145369,7686,23477,6032,76445,73106,3504,4012,2480,13031,13451,13912,15497,17405,18576,21428,26187,26315,27240,24355,22367,21461,18660,16923,31235,6673,6901,7139,8020,8893,9457,10889,13221,12980,13385,11902,10991,10398,8821,7641,12236,312417,33126,81802,104972,63910,24929,3678,151526,13584,38817,57129,30637,10114,1245,143385,117017,19926,82142,68274,10909,144264,56692,34009,22192,10169,19445,11408,107830,37157,68618,34330,5427,2185,1977,2823,627,925,1037,223,2788,1433,338,858,2,8,5419,134944,46445,450,13972813,19263,103380,15490,138148,326943,45652,34274,28725,22816,5317,1364,8719,108621,102597,89301,13296,73950,6611,8740,8582,8698,12686,13852,14806,13065,10075,4516,3021,24230,42907,15680,6484,61285,14034,6492,3815,2415,1260,194442
